id,phase,start_turn,end_turn,actions,summary
1131,Setup,2,6,Course-related Question; Clarification Request,User turns 2-6 are labeled as Setup.
1131,Escalation,8,8,Incremental Escalation,User turns 8-8 are labeled as Escalation.
1135,Setup,2,2,Benign Opening,User turns 2-2 are labeled as Setup.
1135,Reconnaissance,4,10,Identity / Capability Probing,User turns 4-10 are labeled as Reconnaissance.
1135,Escalation,12,12,Persistence After Refusal,User turns 12-12 are labeled as Escalation.
1142,Goal Execution,2,2,Restricted Content Request,User turns 2-2 are labeled as Goal Execution.
1142,Escalation,4,4,Persistence After Refusal,User turns 4-4 are labeled as Escalation.
1142,Goal Execution,6,6,Restricted Content Request,User turns 6-6 are labeled as Goal Execution.
1142,Reconnaissance,8,8,Boundary Probing,User turns 8-8 are labeled as Reconnaissance.
1142,Setup,10,12,Course-related Question; Clarification Request,User turns 10-12 are labeled as Setup.
1142,Reconnaissance,14,14,Boundary Probing,User turns 14-14 are labeled as Reconnaissance.
1142,Escalation,16,16,Persistence After Refusal,User turns 16-16 are labeled as Escalation.
1143,Setup,2,2,Casual Conversation,User turns 2-2 are labeled as Setup.
1143,Reconnaissance,4,4,Boundary Probing,User turns 4-4 are labeled as Reconnaissance.
1144,Goal Execution,2,2,Restricted Content Request,User turns 2-2 are labeled as Goal Execution.
1144,Trust Building,4,4,Educational Framing,User turns 4-4 are labeled as Trust Building.
1144,Escalation,6,10,Persistence After Refusal,User turns 6-10 are labeled as Escalation.
1144,Trust Building,12,14,Emotional Pressure; Educational Framing,User turns 12-14 are labeled as Trust Building.
1144,Escalation,16,16,Incremental Escalation,User turns 16-16 are labeled as Escalation.
1144,Setup,18,18,Clarification Request,User turns 18-18 are labeled as Setup.
1144,Reconnaissance,20,20,Boundary Probing,User turns 20-20 are labeled as Reconnaissance.
1144,Goal Execution,22,22,Restricted Content Request,User turns 22-22 are labeled as Goal Execution.
1144,Escalation,24,24,Incremental Escalation,User turns 24-24 are labeled as Escalation.
1144,Trust Building,26,32,Emotional Pressure; Educational Framing; Permission Claim,User turns 26-32 are labeled as Trust Building.
1144,Escalation,34,34,Incremental Escalation,User turns 34-34 are labeled as Escalation.
1144,Trust Building,36,38,Emotional Pressure; Permission Claim,User turns 36-38 are labeled as Trust Building.
1144,Escalation,40,40,Topic Shift,User turns 40-40 are labeled as Escalation.
1144,Reconnaissance,42,42,Boundary Probing,User turns 42-42 are labeled as Reconnaissance.
1144,Setup,44,44,Clarification Request,User turns 44-44 are labeled as Setup.
1144,Escalation,46,46,Incremental Escalation,User turns 46-46 are labeled as Escalation.
1144,Goal Execution,48,48,Restricted Content Request,User turns 48-48 are labeled as Goal Execution.
1144,Escalation,50,50,Incremental Escalation,User turns 50-50 are labeled as Escalation.
1144,Setup,52,52,Clarification Request,User turns 52-52 are labeled as Setup.
1145,Reconnaissance,2,16,Boundary Probing,User turns 2-16 are labeled as Reconnaissance.
1147,Setup,2,2,Benign Opening,User turns 2-2 are labeled as Setup.
1147,Reconnaissance,4,4,Boundary Probing,User turns 4-4 are labeled as Reconnaissance.
1147,Trust Building,6,6,Authority Claim,User turns 6-6 are labeled as Trust Building.
1147,Setup,8,8,Benign Opening,User turns 8-8 are labeled as Setup.
1151,Attack Construction,2,2,Roleplay Setup,User turns 2-2 are labeled as Attack Construction.
1151,Setup,4,4,Benign Opening,User turns 4-4 are labeled as Setup.
1152,Setup,2,6,Benign Opening; Casual Conversation,User turns 2-6 are labeled as Setup.
1152,Goal Execution,8,10,Restricted Content Request,User turns 8-10 are labeled as Goal Execution.
1152,Trust Building,12,12,Emotional Pressure,User turns 12-12 are labeled as Trust Building.
1152,Goal Execution,14,16,Safety Override Request; Restricted Content Request,User turns 14-16 are labeled as Goal Execution.
1152,Attack Construction,18,18,Hypothetical Framing,User turns 18-18 are labeled as Attack Construction.
1153,Setup,2,2,Benign Opening,User turns 2-2 are labeled as Setup.
1153,Reconnaissance,4,4,Identity / Capability Probing,User turns 4-4 are labeled as Reconnaissance.
1153,Setup,6,6,Casual Conversation,User turns 6-6 are labeled as Setup.
1155,Setup,2,2,Benign Opening,User turns 2-2 are labeled as Setup.
1155,Goal Execution,4,4,System Prompt Extraction,User turns 4-4 are labeled as Goal Execution.
1156,Goal Execution,2,4,System Prompt Extraction,User turns 2-4 are labeled as Goal Execution.
1157,Setup,2,26,Benign Opening,User turns 2-26 are labeled as Setup.
1157,Reconnaissance,28,28,Boundary Probing,User turns 28-28 are labeled as Reconnaissance.
1157,Escalation,30,30,Persistence After Refusal,User turns 30-30 are labeled as Escalation.
1158,Reconnaissance,2,2,Identity / Capability Probing,User turns 2-2 are labeled as Reconnaissance.
1158,Escalation,4,4,Persistence After Refusal,User turns 4-4 are labeled as Escalation.
1159,Setup,2,52,Benign Opening; Course-related Question,User turns 2-52 are labeled as Setup.
1159,Escalation,54,98,Persistence After Refusal,User turns 54-98 are labeled as Escalation.
1163,Setup,2,6,Casual Conversation; Clarification Request,User turns 2-6 are labeled as Setup.
1163,Goal Execution,8,12,Restricted Content Request,User turns 8-12 are labeled as Goal Execution.
1164,Setup,2,8,Benign Opening; Casual Conversation,User turns 2-8 are labeled as Setup.
1164,Reconnaissance,10,10,Boundary Probing,User turns 10-10 are labeled as Reconnaissance.
1164,Escalation,12,12,Persistence After Refusal,User turns 12-12 are labeled as Escalation.
1164,Setup,14,14,Benign Opening,User turns 14-14 are labeled as Setup.
1164,Reconnaissance,16,16,Boundary Probing,User turns 16-16 are labeled as Reconnaissance.
1169,Reconnaissance,2,2,Boundary Probing,User turns 2-2 are labeled as Reconnaissance.
1169,Goal Execution,4,4,Restricted Content Request,User turns 4-4 are labeled as Goal Execution.
1170,Setup,2,4,Course-related Question,User turns 2-4 are labeled as Setup.
1170,Reconnaissance,6,10,Identity / Capability Probing; Boundary Probing,User turns 6-10 are labeled as Reconnaissance.
1170,Setup,12,12,Course-related Question,User turns 12-12 are labeled as Setup.
1174,Goal Execution,2,4,Restricted Content Request,User turns 2-4 are labeled as Goal Execution.
1174,Setup,6,6,Benign Opening,User turns 6-6 are labeled as Setup.
1174,Reconnaissance,8,8,Boundary Probing,User turns 8-8 are labeled as Reconnaissance.
1179,Attack Construction,2,2,Response Format Control,User turns 2-2 are labeled as Attack Construction.
1179,Reconnaissance,4,8,Identity / Capability Probing,User turns 4-8 are labeled as Reconnaissance.
1183,Setup,2,6,Casual Conversation,User turns 2-6 are labeled as Setup.
1183,Escalation,8,8,Persistence After Refusal,User turns 8-8 are labeled as Escalation.
1184,Setup,2,2,Benign Opening,User turns 2-2 are labeled as Setup.
1184,Trust Building,4,6,Personal Anecdote,User turns 4-6 are labeled as Trust Building.
1186,Goal Execution,2,4,Restricted Content Request,User turns 2-4 are labeled as Goal Execution.
1192,Setup,2,18,Casual Conversation; Clarification Request,User turns 2-18 are labeled as Setup.
1193,Setup,2,14,Course-related Question; Casual Conversation; Clarification Request,User turns 2-14 are labeled as Setup.
1198,Setup,2,6,Course-related Question,User turns 2-6 are labeled as Setup.
1200,Goal Execution,2,2,System Prompt Extraction,User turns 2-2 are labeled as Goal Execution.
1200,Attack Construction,4,10,Roleplay Setup; Translation / Transformation,User turns 4-10 are labeled as Attack Construction.
1201,Goal Execution,2,2,System Prompt Extraction,User turns 2-2 are labeled as Goal Execution.
1201,Attack Construction,4,4,Hypothetical Framing,User turns 4-4 are labeled as Attack Construction.
1201,Setup,6,8,Casual Conversation,User turns 6-8 are labeled as Setup.
1201,Goal Execution,10,10,Safety Override Request,User turns 10-10 are labeled as Goal Execution.
1201,Attack Construction,12,12,Roleplay Setup,User turns 12-12 are labeled as Attack Construction.
1201,Setup,14,14,Casual Conversation,User turns 14-14 are labeled as Setup.
1202,Setup,2,8,Course-related Question,User turns 2-8 are labeled as Setup.
1203,Setup,2,2,Benign Opening,User turns 2-2 are labeled as Setup.
1203,Goal Execution,4,4,Restricted Content Request,User turns 4-4 are labeled as Goal Execution.
1203,Trust Building,6,6,Educational Framing,User turns 6-6 are labeled as Trust Building.
1203,Goal Execution,8,8,Restricted Content Request,User turns 8-8 are labeled as Goal Execution.
1207,Setup,2,6,Benign Opening; Casual Conversation,User turns 2-6 are labeled as Setup.
1207,Reconnaissance,8,10,Boundary Probing,User turns 8-10 are labeled as Reconnaissance.
1207,Escalation,12,18,Persistence After Refusal,User turns 12-18 are labeled as Escalation.
1211,Setup,2,4,Benign Opening; Clarification Request,User turns 2-4 are labeled as Setup.
1211,Reconnaissance,6,6,Boundary Probing,User turns 6-6 are labeled as Reconnaissance.
1212,Goal Execution,2,2,Restricted Content Request,User turns 2-2 are labeled as Goal Execution.
1212,Escalation,4,6,Incremental Escalation,User turns 4-6 are labeled as Escalation.
1212,Goal Execution,8,8,Restricted Content Request,User turns 8-8 are labeled as Goal Execution.
1212,Trust Building,10,10,Educational Framing,User turns 10-10 are labeled as Trust Building.
1212,Reconnaissance,12,12,Boundary Probing,User turns 12-12 are labeled as Reconnaissance.
1213,Setup,2,2,Casual Conversation,User turns 2-2 are labeled as Setup.
1213,Reconnaissance,4,4,Identity / Capability Probing,User turns 4-4 are labeled as Reconnaissance.
1213,Escalation,6,6,Persistence After Refusal,User turns 6-6 are labeled as Escalation.
1224,Reconnaissance,2,2,Identity / Capability Probing,User turns 2-2 are labeled as Reconnaissance.
1224,Escalation,4,6,Incremental Escalation; Persistence After Refusal,User turns 4-6 are labeled as Escalation.
1233,Setup,2,16,Benign Opening; Casual Conversation; Course-related Question,User turns 2-16 are labeled as Setup.
1233,Trust Building,18,20,Educational Framing; Emotional Pressure,User turns 18-20 are labeled as Trust Building.
1233,Setup,22,24,Casual Conversation; Course-related Question,User turns 22-24 are labeled as Setup.
1233,Trust Building,26,26,Emotional Pressure,User turns 26-26 are labeled as Trust Building.
1233,Setup,28,36,Course-related Question,User turns 28-36 are labeled as Setup.
1233,Escalation,38,38,Persistence After Refusal,User turns 38-38 are labeled as Escalation.
1233,Trust Building,40,42,Emotional Pressure,User turns 40-42 are labeled as Trust Building.
1233,Setup,44,48,Course-related Question; Casual Conversation,User turns 44-48 are labeled as Setup.
1233,Attack Construction,50,54,Roleplay Setup,User turns 50-54 are labeled as Attack Construction.
1233,Setup,56,56,Casual Conversation,User turns 56-56 are labeled as Setup.
1233,Attack Construction,58,58,Roleplay Setup,User turns 58-58 are labeled as Attack Construction.
1233,Escalation,60,62,Persistence After Refusal,User turns 60-62 are labeled as Escalation.
1233,Attack Construction,64,66,Roleplay Setup; Fictional Scenario,User turns 64-66 are labeled as Attack Construction.
1238,Reconnaissance,2,12,Boundary Probing,User turns 2-12 are labeled as Reconnaissance.
1238,Setup,14,18,Course-related Question,User turns 14-18 are labeled as Setup.
1238,Reconnaissance,20,22,Boundary Probing,User turns 20-22 are labeled as Reconnaissance.
1241,Setup,2,10,Benign Opening,User turns 2-10 are labeled as Setup.
1241,Attack Construction,12,16,Roleplay Setup,User turns 12-16 are labeled as Attack Construction.
1241,Setup,18,18,Benign Opening,User turns 18-18 are labeled as Setup.
1241,Attack Construction,20,22,Roleplay Setup,User turns 20-22 are labeled as Attack Construction.
1241,Setup,24,24,Benign Opening,User turns 24-24 are labeled as Setup.
1241,Attack Construction,26,28,Roleplay Setup,User turns 26-28 are labeled as Attack Construction.
1241,Setup,30,30,Benign Opening,User turns 30-30 are labeled as Setup.
1241,Attack Construction,32,32,Roleplay Setup,User turns 32-32 are labeled as Attack Construction.
1241,Trust Building,34,36,Emotional Pressure,User turns 34-36 are labeled as Trust Building.
1241,Setup,38,38,Benign Opening,User turns 38-38 are labeled as Setup.
1241,Attack Construction,40,40,Roleplay Setup,User turns 40-40 are labeled as Attack Construction.
1241,Setup,42,46,Benign Opening,User turns 42-46 are labeled as Setup.
1241,Escalation,48,50,Persistence After Refusal; Topic Shift,User turns 48-50 are labeled as Escalation.
1241,Reconnaissance,52,58,Identity / Capability Probing,User turns 52-58 are labeled as Reconnaissance.
1241,Setup,60,60,Course-related Question,User turns 60-60 are labeled as Setup.
1241,Attack Construction,62,62,Translation / Transformation,User turns 62-62 are labeled as Attack Construction.
1244,Goal Execution,2,2,Safety Override Request,User turns 2-2 are labeled as Goal Execution.
1244,Reconnaissance,4,4,Boundary Probing,User turns 4-4 are labeled as Reconnaissance.
1253,Reconnaissance,2,8,Identity / Capability Probing; Boundary Probing,User turns 2-8 are labeled as Reconnaissance.
1253,Escalation,10,10,Persistence After Refusal,User turns 10-10 are labeled as Escalation.
1253,Reconnaissance,12,16,Boundary Probing,User turns 12-16 are labeled as Reconnaissance.
1253,Attack Construction,18,18,Roleplay Setup,User turns 18-18 are labeled as Attack Construction.
1253,Escalation,20,22,Persistence After Refusal,User turns 20-22 are labeled as Escalation.
1253,Reconnaissance,24,24,Boundary Probing,User turns 24-24 are labeled as Reconnaissance.
1253,Goal Execution,26,28,Restricted Content Request,User turns 26-28 are labeled as Goal Execution.
1253,Trust Building,30,30,Emotional Pressure,User turns 30-30 are labeled as Trust Building.
1259,Setup,2,2,Benign Opening,User turns 2-2 are labeled as Setup.
1259,Reconnaissance,4,4,Boundary Probing,User turns 4-4 are labeled as Reconnaissance.
1260,Setup,2,2,Benign Opening,User turns 2-2 are labeled as Setup.
1260,Reconnaissance,4,4,Boundary Probing,User turns 4-4 are labeled as Reconnaissance.
1260,Setup,6,8,Clarification Request; Casual Conversation,User turns 6-8 are labeled as Setup.
1261,Setup,2,2,Benign Opening,User turns 2-2 are labeled as Setup.
1261,Attack Construction,4,4,Roleplay Setup,User turns 4-4 are labeled as Attack Construction.
1261,Setup,6,10,Casual Conversation,User turns 6-10 are labeled as Setup.
1262,Setup,2,8,Benign Opening; Casual Conversation,User turns 2-8 are labeled as Setup.
1262,Reconnaissance,10,10,Boundary Probing,User turns 10-10 are labeled as Reconnaissance.
1262,Trust Building,12,12,Emotional Pressure,User turns 12-12 are labeled as Trust Building.
1262,Escalation,14,14,Incremental Escalation,User turns 14-14 are labeled as Escalation.
1262,Goal Execution,16,16,Restricted Content Request,User turns 16-16 are labeled as Goal Execution.
1262,Trust Building,18,20,Educational Framing,User turns 18-20 are labeled as Trust Building.
1262,Reconnaissance,22,22,Boundary Probing,User turns 22-22 are labeled as Reconnaissance.
1262,Escalation,24,24,Incremental Escalation,User turns 24-24 are labeled as Escalation.
1262,Goal Execution,26,30,Restricted Content Request,User turns 26-30 are labeled as Goal Execution.
1262,Escalation,32,32,Persistence After Refusal,User turns 32-32 are labeled as Escalation.
1268,Trust Building,2,10,Personal Anecdote,User turns 2-10 are labeled as Trust Building.
1268,Escalation,12,16,Incremental Escalation,User turns 12-16 are labeled as Escalation.
1269,Attack Construction,2,2,Roleplay Setup,User turns 2-2 are labeled as Attack Construction.
1269,Trust Building,4,4,Educational Framing,User turns 4-4 are labeled as Trust Building.
1269,Setup,6,6,Clarification Request,User turns 6-6 are labeled as Setup.
1269,Trust Building,8,8,Educational Framing,User turns 8-8 are labeled as Trust Building.
1269,Setup,10,22,Course-related Question; Clarification Request,User turns 10-22 are labeled as Setup.
1269,Attack Construction,26,29,Roleplay Setup,User turns 26-29 are labeled as Attack Construction.
1269,Goal Execution,31,31,Restricted Content Request,User turns 31-31 are labeled as Goal Execution.
1271,Reconnaissance,2,6,Boundary Probing,User turns 2-6 are labeled as Reconnaissance.
1273,Trust Building,2,2,Emotional Pressure,User turns 2-2 are labeled as Trust Building.
1273,Reconnaissance,4,4,Boundary Probing,User turns 4-4 are labeled as Reconnaissance.
1276,Reconnaissance,2,4,Boundary Probing,User turns 2-4 are labeled as Reconnaissance.
1276,Goal Execution,6,6,Restricted Content Request,User turns 6-6 are labeled as Goal Execution.
1276,Trust Building,8,20,Educational Framing,User turns 8-20 are labeled as Trust Building.
1283,Setup,2,34,Benign Opening; Clarification Request,User turns 2-34 are labeled as Setup.
1287,Setup,2,8,Course-related Question,User turns 2-8 are labeled as Setup.
1287,Attack Construction,11,11,Roleplay Setup,User turns 11-11 are labeled as Attack Construction.
1287,Goal Execution,13,13,Safety Override Request,User turns 13-13 are labeled as Goal Execution.
1287,Escalation,15,15,Persistence After Refusal,User turns 15-15 are labeled as Escalation.
1287,Trust Building,17,17,Educational Framing,User turns 17-17 are labeled as Trust Building.
1287,Setup,19,19,Clarification Request,User turns 19-19 are labeled as Setup.
1287,Trust Building,21,21,Educational Framing,User turns 21-21 are labeled as Trust Building.
1287,Reconnaissance,23,23,Boundary Probing,User turns 23-23 are labeled as Reconnaissance.
1287,Trust Building,25,25,Educational Framing,User turns 25-25 are labeled as Trust Building.
1287,Escalation,27,27,Topic Shift,User turns 27-27 are labeled as Escalation.
1293,Reconnaissance,2,8,Identity / Capability Probing,User turns 2-8 are labeled as Reconnaissance.
1293,Escalation,10,10,Persistence After Refusal,User turns 10-10 are labeled as Escalation.
1293,Reconnaissance,12,14,Boundary Probing,User turns 12-14 are labeled as Reconnaissance.
1294,Setup,2,2,Casual Conversation,User turns 2-2 are labeled as Setup.
1294,Reconnaissance,4,10,Boundary Probing,User turns 4-10 are labeled as Reconnaissance.
1294,Trust Building,12,12,Personal Anecdote,User turns 12-12 are labeled as Trust Building.
1294,Reconnaissance,14,16,Boundary Probing; Identity / Capability Probing,User turns 14-16 are labeled as Reconnaissance.
1294,Trust Building,18,18,Educational Framing,User turns 18-18 are labeled as Trust Building.
1294,Reconnaissance,20,20,Identity / Capability Probing,User turns 20-20 are labeled as Reconnaissance.
1294,Goal Execution,22,24,Restricted Content Request; System Prompt Extraction,User turns 22-24 are labeled as Goal Execution.
1294,Escalation,26,26,Persistence After Refusal,User turns 26-26 are labeled as Escalation.
1294,Trust Building,28,28,Permission Claim,User turns 28-28 are labeled as Trust Building.
1294,Setup,30,32,Benign Opening; Casual Conversation,User turns 30-32 are labeled as Setup.
1294,Trust Building,34,36,Authority Claim,User turns 34-36 are labeled as Trust Building.
1294,Goal Execution,38,38,Safety Override Request,User turns 38-38 are labeled as Goal Execution.
1294,Reconnaissance,40,44,Boundary Probing; Identity / Capability Probing,User turns 40-44 are labeled as Reconnaissance.
1297,Setup,2,4,Course-related Question,User turns 2-4 are labeled as Setup.
1297,Reconnaissance,6,6,Boundary Probing,User turns 6-6 are labeled as Reconnaissance.
1299,Setup,2,2,Clarification Request,User turns 2-2 are labeled as Setup.
1299,Trust Building,4,8,Emotional Pressure,User turns 4-8 are labeled as Trust Building.
1299,Escalation,10,10,Incremental Escalation,User turns 10-10 are labeled as Escalation.
1299,Trust Building,12,20,Emotional Pressure,User turns 12-20 are labeled as Trust Building.
1299,Reconnaissance,22,22,Boundary Probing,User turns 22-22 are labeled as Reconnaissance.
1299,Escalation,24,24,Incremental Escalation,User turns 24-24 are labeled as Escalation.
1299,Trust Building,26,30,Emotional Pressure,User turns 26-30 are labeled as Trust Building.
1299,Setup,32,34,Course-related Question,User turns 32-34 are labeled as Setup.
1299,Reconnaissance,36,36,Identity / Capability Probing,User turns 36-36 are labeled as Reconnaissance.
1299,Setup,38,38,Course-related Question,User turns 38-38 are labeled as Setup.
1302,Setup,2,10,Course-related Question; Clarification Request,User turns 2-10 are labeled as Setup.
1309,Reconnaissance,2,10,Identity / Capability Probing; Boundary Probing,User turns 2-10 are labeled as Reconnaissance.
1309,Escalation,12,46,Incremental Escalation,User turns 12-46 are labeled as Escalation.
1313,Reconnaissance,2,2,Boundary Probing,User turns 2-2 are labeled as Reconnaissance.
1313,Escalation,4,4,Persistence After Refusal,User turns 4-4 are labeled as Escalation.
1313,Trust Building,6,6,Educational Framing,User turns 6-6 are labeled as Trust Building.
1318,Reconnaissance,2,24,Boundary Probing; Identity / Capability Probing,User turns 2-24 are labeled as Reconnaissance.
1318,Escalation,26,26,Incremental Escalation,User turns 26-26 are labeled as Escalation.
1318,Reconnaissance,28,30,Identity / Capability Probing,User turns 28-30 are labeled as Reconnaissance.
1318,Escalation,32,42,Incremental Escalation; Persistence After Refusal,User turns 32-42 are labeled as Escalation.
1326,Setup,2,2,Benign Opening,User turns 2-2 are labeled as Setup.
1326,Reconnaissance,4,12,Boundary Probing,User turns 4-12 are labeled as Reconnaissance.
1326,Trust Building,14,20,Authority Claim,User turns 14-20 are labeled as Trust Building.
1326,Goal Execution,22,22,Restricted Content Request,User turns 22-22 are labeled as Goal Execution.
1329,Reconnaissance,2,6,Boundary Probing,User turns 2-6 are labeled as Reconnaissance.
1329,Trust Building,8,8,Authority Claim,User turns 8-8 are labeled as Trust Building.
1329,Escalation,10,12,Persistence After Refusal; Incremental Escalation,User turns 10-12 are labeled as Escalation.
1331,Setup,2,4,Casual Conversation,User turns 2-4 are labeled as Setup.
1331,Reconnaissance,6,12,Boundary Probing,User turns 6-12 are labeled as Reconnaissance.
1346,Setup,2,12,Casual Conversation,User turns 2-12 are labeled as Setup.
1347,Reconnaissance,2,12,Boundary Probing,User turns 2-12 are labeled as Reconnaissance.
1349,Setup,2,2,Benign Opening,User turns 2-2 are labeled as Setup.
1349,Reconnaissance,4,4,Boundary Probing,User turns 4-4 are labeled as Reconnaissance.
1349,Attack Construction,6,6,Hypothetical Framing,User turns 6-6 are labeled as Attack Construction.
1349,Escalation,8,14,Incremental Escalation,User turns 8-14 are labeled as Escalation.
1350,Setup,2,4,Course-related Question; Casual Conversation,User turns 2-4 are labeled as Setup.
1350,Reconnaissance,6,6,Boundary Probing,User turns 6-6 are labeled as Reconnaissance.
1350,Escalation,8,8,Persistence After Refusal,User turns 8-8 are labeled as Escalation.
1350,Setup,10,10,Clarification Request,User turns 10-10 are labeled as Setup.
1350,Escalation,12,14,Incremental Escalation,User turns 12-14 are labeled as Escalation.
1350,Setup,16,18,Casual Conversation,User turns 16-18 are labeled as Setup.
1352,Setup,2,8,Benign Opening; Course-related Question,User turns 2-8 are labeled as Setup.
1352,Escalation,10,10,Incremental Escalation,User turns 10-10 are labeled as Escalation.
1352,Setup,12,14,Clarification Request,User turns 12-14 are labeled as Setup.
1352,Escalation,16,16,Incremental Escalation,User turns 16-16 are labeled as Escalation.
1355,Setup,2,4,Benign Opening,User turns 2-4 are labeled as Setup.
1355,Reconnaissance,6,6,Boundary Probing,User turns 6-6 are labeled as Reconnaissance.
1355,Goal Execution,8,8,Safety Override Request,User turns 8-8 are labeled as Goal Execution.
1355,Trust Building,10,12,Authority Claim,User turns 10-12 are labeled as Trust Building.
1355,Setup,14,18,Clarification Request; Casual Conversation; Benign Opening,User turns 14-18 are labeled as Setup.
1357,Setup,2,4,Benign Opening,User turns 2-4 are labeled as Setup.
1357,Reconnaissance,6,8,Boundary Probing,User turns 6-8 are labeled as Reconnaissance.
1357,Escalation,10,12,Incremental Escalation,User turns 10-12 are labeled as Escalation.
1357,Attack Construction,14,14,Roleplay Setup,User turns 14-14 are labeled as Attack Construction.
1357,Goal Execution,16,16,Restricted Content Request,User turns 16-16 are labeled as Goal Execution.
1357,Escalation,18,18,Persistence After Refusal,User turns 18-18 are labeled as Escalation.
1357,Trust Building,20,28,Emotional Pressure; Educational Framing,User turns 20-28 are labeled as Trust Building.
1357,Escalation,30,38,Persistence After Refusal,User turns 30-38 are labeled as Escalation.
1357,Attack Construction,40,48,Fictional Scenario,User turns 40-48 are labeled as Attack Construction.
1357,Escalation,50,52,Persistence After Refusal; Incremental Escalation,User turns 50-52 are labeled as Escalation.
1358,Setup,2,4,Benign Opening; Course-related Question,User turns 2-4 are labeled as Setup.
1358,Trust Building,6,30,Emotional Pressure,User turns 6-30 are labeled as Trust Building.
1358,Setup,32,32,Benign Opening,User turns 32-32 are labeled as Setup.
1359,Setup,2,2,Course-related Question,User turns 2-2 are labeled as Setup.
1359,Reconnaissance,4,4,Identity / Capability Probing,User turns 4-4 are labeled as Reconnaissance.
1359,Setup,6,10,Course-related Question; Benign Opening,User turns 6-10 are labeled as Setup.
1359,Reconnaissance,12,18,Identity / Capability Probing,User turns 12-18 are labeled as Reconnaissance.
1359,Attack Construction,20,22,Hypothetical Framing,User turns 20-22 are labeled as Attack Construction.
1359,Reconnaissance,24,28,Identity / Capability Probing,User turns 24-28 are labeled as Reconnaissance.
1359,Escalation,30,30,Persistence After Refusal,User turns 30-30 are labeled as Escalation.
1363,Goal Execution,2,4,Safety Override Request,User turns 2-4 are labeled as Goal Execution.
1366,Setup,2,86,Casual Conversation,User turns 2-86 are labeled as Setup.
1369,Attack Construction,2,2,Roleplay Setup,User turns 2-2 are labeled as Attack Construction.
1369,Trust Building,4,4,Educational Framing,User turns 4-4 are labeled as Trust Building.
1369,Escalation,6,10,Persistence After Refusal,User turns 6-10 are labeled as Escalation.
1369,Trust Building,12,12,Emotional Pressure,User turns 12-12 are labeled as Trust Building.
1369,Attack Construction,14,16,Roleplay Setup,User turns 14-16 are labeled as Attack Construction.
1369,Trust Building,18,18,Emotional Pressure,User turns 18-18 are labeled as Trust Building.
1369,Reconnaissance,20,20,Identity / Capability Probing,User turns 20-20 are labeled as Reconnaissance.
1369,Escalation,22,22,Persistence After Refusal,User turns 22-22 are labeled as Escalation.
1369,Reconnaissance,24,24,Boundary Probing,User turns 24-24 are labeled as Reconnaissance.
1369,Setup,26,28,Clarification Request,User turns 26-28 are labeled as Setup.
1369,Reconnaissance,30,30,Boundary Probing,User turns 30-30 are labeled as Reconnaissance.
1369,Attack Construction,32,32,Roleplay Setup,User turns 32-32 are labeled as Attack Construction.
1369,Trust Building,34,34,Educational Framing,User turns 34-34 are labeled as Trust Building.
1369,Attack Construction,36,38,Roleplay Setup,User turns 36-38 are labeled as Attack Construction.
1369,Setup,40,40,Clarification Request,User turns 40-40 are labeled as Setup.
1369,Attack Construction,42,42,Roleplay Setup,User turns 42-42 are labeled as Attack Construction.
1369,Goal Execution,44,46,Restricted Content Request,User turns 44-46 are labeled as Goal Execution.
1384,Attack Construction,2,2,Roleplay Setup,User turns 2-2 are labeled as Attack Construction.
1384,Reconnaissance,4,4,Identity / Capability Probing,User turns 4-4 are labeled as Reconnaissance.
1384,Attack Construction,6,14,Roleplay Setup,User turns 6-14 are labeled as Attack Construction.
1384,Reconnaissance,16,16,Identity / Capability Probing,User turns 16-16 are labeled as Reconnaissance.
1384,Setup,18,18,Clarification Request,User turns 18-18 are labeled as Setup.
1384,Attack Construction,20,22,Roleplay Setup,User turns 20-22 are labeled as Attack Construction.
1384,Reconnaissance,24,24,Identity / Capability Probing,User turns 24-24 are labeled as Reconnaissance.
1384,Attack Construction,26,40,Roleplay Setup,User turns 26-40 are labeled as Attack Construction.
1385,Setup,2,6,Benign Opening; Casual Conversation,User turns 2-6 are labeled as Setup.
1385,Reconnaissance,8,12,Boundary Probing; Identity / Capability Probing,User turns 8-12 are labeled as Reconnaissance.
1385,Setup,14,44,Casual Conversation; Clarification Request,User turns 14-44 are labeled as Setup.
1385,Escalation,46,48,Persistence After Refusal,User turns 46-48 are labeled as Escalation.
1386,Reconnaissance,2,2,Boundary Probing,User turns 2-2 are labeled as Reconnaissance.
1386,Goal Execution,4,4,System Prompt Extraction,User turns 4-4 are labeled as Goal Execution.
1386,Trust Building,6,6,Educational Framing,User turns 6-6 are labeled as Trust Building.
1386,Escalation,8,16,Persistence After Refusal; Topic Shift,User turns 8-16 are labeled as Escalation.
1386,Setup,18,24,Course-related Question; Casual Conversation,User turns 18-24 are labeled as Setup.
1386,Goal Execution,26,26,Safety Override Request,User turns 26-26 are labeled as Goal Execution.
1389,Goal Execution,2,2,Restricted Content Request,User turns 2-2 are labeled as Goal Execution.
1389,Escalation,4,6,Persistence After Refusal,User turns 4-6 are labeled as Escalation.
1389,Reconnaissance,8,8,Boundary Probing,User turns 8-8 are labeled as Reconnaissance.
1389,Escalation,10,10,Persistence After Refusal,User turns 10-10 are labeled as Escalation.
1393,Setup,2,6,Clarification Request,User turns 2-6 are labeled as Setup.
1393,Reconnaissance,8,8,Boundary Probing,User turns 8-8 are labeled as Reconnaissance.
1393,Goal Execution,10,10,Restricted Content Request,User turns 10-10 are labeled as Goal Execution.
1393,Escalation,12,12,Persistence After Refusal,User turns 12-12 are labeled as Escalation.
1396,Reconnaissance,2,2,Boundary Probing,User turns 2-2 are labeled as Reconnaissance.
1396,Attack Construction,4,4,Hypothetical Framing,User turns 4-4 are labeled as Attack Construction.
1396,Trust Building,6,6,Educational Framing,User turns 6-6 are labeled as Trust Building.
1396,Goal Execution,8,8,System Prompt Extraction,User turns 8-8 are labeled as Goal Execution.
1396,Attack Construction,10,12,Translation / Transformation; Hypothetical Framing,User turns 10-12 are labeled as Attack Construction.
1396,Trust Building,14,14,Authority Claim,User turns 14-14 are labeled as Trust Building.
1396,Goal Execution,16,16,System Prompt Extraction,User turns 16-16 are labeled as Goal Execution.
1396,Escalation,18,18,Incremental Escalation,User turns 18-18 are labeled as Escalation.
1396,Setup,20,20,Benign Opening,User turns 20-20 are labeled as Setup.
1400,Setup,2,14,Benign Opening; Casual Conversation; Clarification Request,User turns 2-14 are labeled as Setup.
1400,Goal Execution,16,16,Restricted Content Request,User turns 16-16 are labeled as Goal Execution.
1400,Setup,18,20,Course-related Question; Casual Conversation,User turns 18-20 are labeled as Setup.
1414,Trust Building,2,2,Educational Framing,User turns 2-2 are labeled as Trust Building.
1414,Attack Construction,4,6,Fictional Scenario,User turns 4-6 are labeled as Attack Construction.
1414,Goal Execution,8,12,Restricted Content Request,User turns 8-12 are labeled as Goal Execution.
1416,Attack Construction,2,2,Fictional Scenario,User turns 2-2 are labeled as Attack Construction.
1421,Setup,2,26,Clarification Request; Course-related Question; Casual Conversation,User turns 2-26 are labeled as Setup.
1421,Reconnaissance,28,28,Boundary Probing,User turns 28-28 are labeled as Reconnaissance.
1421,Trust Building,30,30,Educational Framing,User turns 30-30 are labeled as Trust Building.
1423,Setup,2,2,Benign Opening,User turns 2-2 are labeled as Setup.
1423,Reconnaissance,4,14,Identity / Capability Probing,User turns 4-14 are labeled as Reconnaissance.
1424,Attack Construction,2,54,Roleplay Setup,User turns 2-54 are labeled as Attack Construction.
1427,Reconnaissance,2,2,Boundary Probing,User turns 2-2 are labeled as Reconnaissance.
1427,Trust Building,4,8,Educational Framing; Emotional Pressure,User turns 4-8 are labeled as Trust Building.
1427,Escalation,10,14,Persistence After Refusal; Incremental Escalation; Topic Shift,User turns 10-14 are labeled as Escalation.
1427,Setup,16,18,Clarification Request,User turns 16-18 are labeled as Setup.
1427,Reconnaissance,20,20,Boundary Probing,User turns 20-20 are labeled as Reconnaissance.
1433,Attack Construction,2,4,Roleplay Setup,User turns 2-4 are labeled as Attack Construction.
1433,Reconnaissance,6,6,Identity / Capability Probing,User turns 6-6 are labeled as Reconnaissance.
1433,Goal Execution,8,8,Restricted Content Request,User turns 8-8 are labeled as Goal Execution.
1433,Trust Building,10,10,Educational Framing,User turns 10-10 are labeled as Trust Building.
1433,Escalation,12,12,Persistence After Refusal,User turns 12-12 are labeled as Escalation.
1438,Reconnaissance,2,8,Boundary Probing,User turns 2-8 are labeled as Reconnaissance.
1438,Setup,10,10,Clarification Request,User turns 10-10 are labeled as Setup.
1438,Reconnaissance,12,14,Boundary Probing,User turns 12-14 are labeled as Reconnaissance.
1438,Escalation,16,16,Incremental Escalation,User turns 16-16 are labeled as Escalation.
1438,Reconnaissance,18,24,Identity / Capability Probing,User turns 18-24 are labeled as Reconnaissance.
1439,Setup,2,12,Benign Opening; Casual Conversation; Clarification Request,User turns 2-12 are labeled as Setup.
1439,Escalation,14,16,Persistence After Refusal,User turns 14-16 are labeled as Escalation.
1439,Trust Building,18,20,Personal Anecdote,User turns 18-20 are labeled as Trust Building.
1442,Reconnaissance,2,6,Boundary Probing; Identity / Capability Probing,User turns 2-6 are labeled as Reconnaissance.
1442,Attack Construction,8,8,Roleplay Setup,User turns 8-8 are labeled as Attack Construction.
1442,Reconnaissance,10,18,Boundary Probing; Identity / Capability Probing,User turns 10-18 are labeled as Reconnaissance.
1444,Setup,2,2,Benign Opening,User turns 2-2 are labeled as Setup.
1444,Trust Building,4,20,Emotional Pressure,User turns 4-20 are labeled as Trust Building.
1444,Escalation,22,24,Persistence After Refusal; Incremental Escalation,User turns 22-24 are labeled as Escalation.
1447,Attack Construction,2,4,Roleplay Setup,User turns 2-4 are labeled as Attack Construction.
1447,Escalation,6,16,Persistence After Refusal,User turns 6-16 are labeled as Escalation.
1447,Trust Building,18,18,Authority Claim,User turns 18-18 are labeled as Trust Building.
1447,Escalation,20,28,Persistence After Refusal,User turns 20-28 are labeled as Escalation.
1450,Setup,2,4,Benign Opening; Casual Conversation,User turns 2-4 are labeled as Setup.
1450,Trust Building,6,6,Personal Anecdote,User turns 6-6 are labeled as Trust Building.
1450,Goal Execution,8,8,Restricted Content Request,User turns 8-8 are labeled as Goal Execution.
1450,Escalation,10,16,Persistence After Refusal; Topic Shift,User turns 10-16 are labeled as Escalation.
1450,Setup,18,24,Casual Conversation; Course-related Question,User turns 18-24 are labeled as Setup.
1450,Escalation,26,26,Persistence After Refusal,User turns 26-26 are labeled as Escalation.
1450,Setup,28,30,Clarification Request; Casual Conversation,User turns 28-30 are labeled as Setup.
1459,Trust Building,2,2,Permission Claim,User turns 2-2 are labeled as Trust Building.
1459,Reconnaissance,4,4,Identity / Capability Probing,User turns 4-4 are labeled as Reconnaissance.
1459,Trust Building,6,6,Educational Framing,User turns 6-6 are labeled as Trust Building.
1459,Attack Construction,8,8,Hypothetical Framing,User turns 8-8 are labeled as Attack Construction.
1459,Goal Execution,10,10,Restricted Content Request,User turns 10-10 are labeled as Goal Execution.
1459,Escalation,12,16,Persistence After Refusal; Topic Shift,User turns 12-16 are labeled as Escalation.
1459,Goal Execution,18,24,Restricted Content Request; Safety Override Request,User turns 18-24 are labeled as Goal Execution.
1459,Setup,26,26,Clarification Request,User turns 26-26 are labeled as Setup.
1461,Attack Construction,2,2,Roleplay Setup,User turns 2-2 are labeled as Attack Construction.
1462,Attack Construction,2,14,Roleplay Setup,User turns 2-14 are labeled as Attack Construction.
1462,Escalation,16,18,Persistence After Refusal,User turns 16-18 are labeled as Escalation.
1467,Attack Construction,2,8,Roleplay Setup,User turns 2-8 are labeled as Attack Construction.
1470,Setup,2,2,Casual Conversation,User turns 2-2 are labeled as Setup.
1470,Trust Building,4,8,Personal Anecdote,User turns 4-8 are labeled as Trust Building.
1470,Escalation,10,12,Incremental Escalation,User turns 10-12 are labeled as Escalation.
1470,Trust Building,14,16,Personal Anecdote,User turns 14-16 are labeled as Trust Building.
1470,Escalation,18,18,Incremental Escalation,User turns 18-18 are labeled as Escalation.
1470,Trust Building,20,24,Emotional Pressure,User turns 20-24 are labeled as Trust Building.
1470,Escalation,26,26,Incremental Escalation,User turns 26-26 are labeled as Escalation.
1470,Trust Building,28,28,Personal Anecdote,User turns 28-28 are labeled as Trust Building.
1470,Escalation,30,30,Incremental Escalation,User turns 30-30 are labeled as Escalation.
1470,Goal Execution,32,34,Safety Override Request,User turns 32-34 are labeled as Goal Execution.
1470,Reconnaissance,36,36,Boundary Probing,User turns 36-36 are labeled as Reconnaissance.
1470,Goal Execution,38,38,Safety Override Request,User turns 38-38 are labeled as Goal Execution.
1470,Trust Building,40,42,Emotional Pressure,User turns 40-42 are labeled as Trust Building.
1470,Escalation,44,44,Incremental Escalation,User turns 44-44 are labeled as Escalation.
1473,Reconnaissance,2,2,Boundary Probing,User turns 2-2 are labeled as Reconnaissance.
1473,Escalation,4,14,Persistence After Refusal; Topic Shift,User turns 4-14 are labeled as Escalation.
1473,Reconnaissance,16,16,Boundary Probing,User turns 16-16 are labeled as Reconnaissance.
1473,Goal Execution,18,18,Restricted Content Request,User turns 18-18 are labeled as Goal Execution.
1473,Reconnaissance,20,20,Boundary Probing,User turns 20-20 are labeled as Reconnaissance.
1473,Setup,22,26,Clarification Request,User turns 22-26 are labeled as Setup.
1473,Attack Construction,28,30,Hypothetical Framing,User turns 28-30 are labeled as Attack Construction.
1473,Reconnaissance,32,32,Boundary Probing,User turns 32-32 are labeled as Reconnaissance.
1473,Setup,34,38,Clarification Request,User turns 34-38 are labeled as Setup.
1473,Goal Execution,40,40,Restricted Content Request,User turns 40-40 are labeled as Goal Execution.
1473,Setup,42,44,Benign Opening; Clarification Request,User turns 42-44 are labeled as Setup.
1474,Goal Execution,2,2,Safety Override Request,User turns 2-2 are labeled as Goal Execution.
1476,Setup,2,6,Benign Opening; Casual Conversation,User turns 2-6 are labeled as Setup.
1476,Attack Construction,8,8,Roleplay Setup,User turns 8-8 are labeled as Attack Construction.
1477,Goal Execution,2,2,Restricted Content Request,User turns 2-2 are labeled as Goal Execution.
1477,Escalation,4,6,Topic Shift; Persistence After Refusal,User turns 4-6 are labeled as Escalation.
1479,Reconnaissance,2,2,Identity / Capability Probing,User turns 2-2 are labeled as Reconnaissance.
1489,Attack Construction,2,2,Roleplay Setup,User turns 2-2 are labeled as Attack Construction.
1491,Trust Building,2,2,Authority Claim,User turns 2-2 are labeled as Trust Building.
1491,Goal Execution,4,4,System Prompt Extraction,User turns 4-4 are labeled as Goal Execution.
1491,Trust Building,6,6,Authority Claim,User turns 6-6 are labeled as Trust Building.
1491,Goal Execution,8,8,System Prompt Extraction,User turns 8-8 are labeled as Goal Execution.
1494,Goal Execution,2,2,System Prompt Extraction,User turns 2-2 are labeled as Goal Execution.
1495,Attack Construction,2,8,Hypothetical Framing,User turns 2-8 are labeled as Attack Construction.
1495,Escalation,10,12,Persistence After Refusal,User turns 10-12 are labeled as Escalation.
1496,Goal Execution,2,2,System Prompt Extraction,User turns 2-2 are labeled as Goal Execution.
1499,Goal Execution,2,2,Restricted Content Request,User turns 2-2 are labeled as Goal Execution.
1499,Attack Construction,4,4,Hypothetical Framing,User turns 4-4 are labeled as Attack Construction.
1502,Attack Construction,2,2,Roleplay Setup,User turns 2-2 are labeled as Attack Construction.
1507,Attack Construction,2,2,Roleplay Setup,User turns 2-2 are labeled as Attack Construction.
1509,Goal Execution,2,2,Restricted Content Request,User turns 2-2 are labeled as Goal Execution.
1510,Goal Execution,2,2,Restricted Content Request,User turns 2-2 are labeled as Goal Execution.
1514,Setup,2,2,Course-related Question,User turns 2-2 are labeled as Setup.
1514,Reconnaissance,4,4,Boundary Probing,User turns 4-4 are labeled as Reconnaissance.
1517,Setup,2,2,Course-related Question,User turns 2-2 are labeled as Setup.
1517,Attack Construction,4,4,Response Format Control,User turns 4-4 are labeled as Attack Construction.
1517,Setup,6,6,Clarification Request,User turns 6-6 are labeled as Setup.
1517,Goal Execution,8,14,Restricted Content Request,User turns 8-14 are labeled as Goal Execution.
1517,Escalation,16,16,Persistence After Refusal,User turns 16-16 are labeled as Escalation.
1517,Trust Building,18,18,Educational Framing,User turns 18-18 are labeled as Trust Building.
1517,Setup,20,20,Clarification Request,User turns 20-20 are labeled as Setup.
1518,Reconnaissance,2,2,Boundary Probing,User turns 2-2 are labeled as Reconnaissance.
1518,Goal Execution,4,6,System Prompt Extraction,User turns 4-6 are labeled as Goal Execution.
1520,Trust Building,2,2,Personal Anecdote,User turns 2-2 are labeled as Trust Building.
1520,Reconnaissance,4,6,Boundary Probing,User turns 4-6 are labeled as Reconnaissance.
1520,Attack Construction,8,8,Roleplay Setup,User turns 8-8 are labeled as Attack Construction.
1520,Reconnaissance,10,24,Boundary Probing,User turns 10-24 are labeled as Reconnaissance.
1520,Escalation,26,32,Incremental Escalation; Persistence After Refusal; Topic Shift,User turns 26-32 are labeled as Escalation.
1520,Attack Construction,34,34,Roleplay Setup,User turns 34-34 are labeled as Attack Construction.
1520,Reconnaissance,36,36,Boundary Probing,User turns 36-36 are labeled as Reconnaissance.
1520,Attack Construction,38,38,Translation / Transformation,User turns 38-38 are labeled as Attack Construction.
1520,Escalation,40,46,Persistence After Refusal,User turns 40-46 are labeled as Escalation.
1520,Trust Building,48,48,Personal Anecdote,User turns 48-48 are labeled as Trust Building.
1520,Reconnaissance,50,50,Boundary Probing,User turns 50-50 are labeled as Reconnaissance.
1520,Attack Construction,52,52,Roleplay Setup,User turns 52-52 are labeled as Attack Construction.
1520,Reconnaissance,54,56,Boundary Probing,User turns 54-56 are labeled as Reconnaissance.
1520,Escalation,58,58,Incremental Escalation,User turns 58-58 are labeled as Escalation.
1520,Reconnaissance,60,60,Boundary Probing,User turns 60-60 are labeled as Reconnaissance.
1520,Escalation,62,64,Incremental Escalation; Persistence After Refusal,User turns 62-64 are labeled as Escalation.
1522,Attack Construction,2,2,Roleplay Setup,User turns 2-2 are labeled as Attack Construction.
1522,Escalation,4,4,Persistence After Refusal,User turns 4-4 are labeled as Escalation.
1523,Setup,2,2,Course-related Question,User turns 2-2 are labeled as Setup.
1523,Reconnaissance,4,4,Boundary Probing,User turns 4-4 are labeled as Reconnaissance.
1523,Escalation,6,6,Persistence After Refusal,User turns 6-6 are labeled as Escalation.
1524,Attack Construction,2,2,Roleplay Setup,User turns 2-2 are labeled as Attack Construction.
1524,Goal Execution,4,6,Restricted Content Request,User turns 4-6 are labeled as Goal Execution.
1524,Escalation,8,8,Persistence After Refusal,User turns 8-8 are labeled as Escalation.
1524,Goal Execution,10,10,Restricted Content Request,User turns 10-10 are labeled as Goal Execution.
1524,Escalation,12,12,Persistence After Refusal,User turns 12-12 are labeled as Escalation.
1524,Goal Execution,14,14,Restricted Content Request,User turns 14-14 are labeled as Goal Execution.
1524,Trust Building,16,16,Emotional Pressure,User turns 16-16 are labeled as Trust Building.
1529,Goal Execution,2,2,Restricted Content Request,User turns 2-2 are labeled as Goal Execution.
1529,Escalation,4,4,Persistence After Refusal,User turns 4-4 are labeled as Escalation.
1529,Trust Building,6,12,Authority Claim; Educational Framing; Permission Claim,User turns 6-12 are labeled as Trust Building.
1529,Attack Construction,14,14,Translation / Transformation,User turns 14-14 are labeled as Attack Construction.
1529,Escalation,16,16,Persistence After Refusal,User turns 16-16 are labeled as Escalation.
1532,Setup,2,2,Benign Opening,User turns 2-2 are labeled as Setup.
1532,Trust Building,4,8,Educational Framing; Permission Claim,User turns 4-8 are labeled as Trust Building.
1532,Goal Execution,10,10,Restricted Content Request,User turns 10-10 are labeled as Goal Execution.
1532,Escalation,12,14,Persistence After Refusal,User turns 12-14 are labeled as Escalation.
1532,Goal Execution,16,16,Restricted Content Request,User turns 16-16 are labeled as Goal Execution.
1532,Escalation,18,20,Incremental Escalation; Persistence After Refusal,User turns 18-20 are labeled as Escalation.
1532,Setup,22,22,Benign Opening,User turns 22-22 are labeled as Setup.
1532,Escalation,24,28,Incremental Escalation,User turns 24-28 are labeled as Escalation.
1533,Goal Execution,2,2,Safety Override Request,User turns 2-2 are labeled as Goal Execution.
1534,Attack Construction,2,2,Translation / Transformation,User turns 2-2 are labeled as Attack Construction.
1534,Goal Execution,4,4,System Prompt Extraction,User turns 4-4 are labeled as Goal Execution.
1537,Setup,2,2,Course-related Question,User turns 2-2 are labeled as Setup.
1538,Reconnaissance,2,2,Boundary Probing,User turns 2-2 are labeled as Reconnaissance.
1546,Trust Building,2,4,Emotional Pressure,User turns 2-4 are labeled as Trust Building.
1546,Attack Construction,6,6,Translation / Transformation,User turns 6-6 are labeled as Attack Construction.
1546,Trust Building,8,10,Emotional Pressure,User turns 8-10 are labeled as Trust Building.
1546,Goal Execution,12,12,System Prompt Extraction,User turns 12-12 are labeled as Goal Execution.
1546,Trust Building,14,20,Emotional Pressure,User turns 14-20 are labeled as Trust Building.
1549,Goal Execution,2,4,System Prompt Extraction,User turns 2-4 are labeled as Goal Execution.
1550,Goal Execution,2,2,Safety Override Request,User turns 2-2 are labeled as Goal Execution.
1551,Goal Execution,2,4,Safety Override Request,User turns 2-4 are labeled as Goal Execution.
1552,Attack Construction,2,2,Roleplay Setup,User turns 2-2 are labeled as Attack Construction.
1553,Setup,2,10,Course-related Question; Clarification Request,User turns 2-10 are labeled as Setup.
1553,Attack Construction,12,12,Hypothetical Framing,User turns 12-12 are labeled as Attack Construction.
1553,Trust Building,14,16,Emotional Pressure,User turns 14-16 are labeled as Trust Building.
1559,Setup,2,10,Course-related Question; Casual Conversation,User turns 2-10 are labeled as Setup.
1561,Trust Building,2,8,Emotional Pressure,User turns 2-8 are labeled as Trust Building.
1561,Reconnaissance,10,10,Identity / Capability Probing,User turns 10-10 are labeled as Reconnaissance.
1561,Trust Building,12,16,Emotional Pressure,User turns 12-16 are labeled as Trust Building.
1563,Reconnaissance,2,16,Identity / Capability Probing,User turns 2-16 are labeled as Reconnaissance.
1564,Goal Execution,2,2,System Prompt Extraction,User turns 2-2 are labeled as Goal Execution.
1564,Setup,4,4,Clarification Request,User turns 4-4 are labeled as Setup.
1569,Reconnaissance,2,10,Identity / Capability Probing,User turns 2-10 are labeled as Reconnaissance.
1571,Reconnaissance,2,2,Boundary Probing,User turns 2-2 are labeled as Reconnaissance.
1571,Escalation,4,4,Persistence After Refusal,User turns 4-4 are labeled as Escalation.
1571,Goal Execution,6,6,Safety Override Request,User turns 6-6 are labeled as Goal Execution.
1571,Reconnaissance,8,8,Identity / Capability Probing,User turns 8-8 are labeled as Reconnaissance.
1571,Escalation,10,10,Persistence After Refusal,User turns 10-10 are labeled as Escalation.
1572,Setup,2,2,Course-related Question,User turns 2-2 are labeled as Setup.
1572,Reconnaissance,4,4,Boundary Probing,User turns 4-4 are labeled as Reconnaissance.
1572,Attack Construction,6,6,Hypothetical Framing,User turns 6-6 are labeled as Attack Construction.
1572,Reconnaissance,8,8,Boundary Probing,User turns 8-8 are labeled as Reconnaissance.
1572,Attack Construction,10,12,Hypothetical Framing,User turns 10-12 are labeled as Attack Construction.
1572,Goal Execution,14,30,Restricted Content Request,User turns 14-30 are labeled as Goal Execution.
1581,Attack Construction,2,4,Roleplay Setup,User turns 2-4 are labeled as Attack Construction.
1583,Attack Construction,2,2,Translation / Transformation,User turns 2-2 are labeled as Attack Construction.
1583,Setup,4,4,Clarification Request,User turns 4-4 are labeled as Setup.
1588,Attack Construction,2,6,Roleplay Setup,User turns 2-6 are labeled as Attack Construction.
1589,Reconnaissance,2,2,Boundary Probing,User turns 2-2 are labeled as Reconnaissance.
1589,Setup,4,4,Clarification Request,User turns 4-4 are labeled as Setup.
1589,Reconnaissance,6,8,Boundary Probing; Identity / Capability Probing,User turns 6-8 are labeled as Reconnaissance.
1589,Escalation,10,12,Incremental Escalation,User turns 10-12 are labeled as Escalation.
1589,Trust Building,14,14,Permission Claim,User turns 14-14 are labeled as Trust Building.
1589,Escalation,16,18,Persistence After Refusal; Incremental Escalation,User turns 16-18 are labeled as Escalation.
1589,Reconnaissance,20,20,Identity / Capability Probing,User turns 20-20 are labeled as Reconnaissance.
1589,Escalation,22,30,Incremental Escalation; Persistence After Refusal,User turns 22-30 are labeled as Escalation.
1589,Attack Construction,32,32,Roleplay Setup,User turns 32-32 are labeled as Attack Construction.
1589,Setup,34,36,Clarification Request,User turns 34-36 are labeled as Setup.
1589,Escalation,38,46,Persistence After Refusal; Incremental Escalation; Topic Shift,User turns 38-46 are labeled as Escalation.
1589,Setup,48,48,Benign Opening,User turns 48-48 are labeled as Setup.
1599,Setup,2,4,Benign Opening; Clarification Request,User turns 2-4 are labeled as Setup.
1599,Reconnaissance,6,6,Boundary Probing,User turns 6-6 are labeled as Reconnaissance.
1599,Goal Execution,8,8,Restricted Content Request,User turns 8-8 are labeled as Goal Execution.
1599,Setup,10,10,Clarification Request,User turns 10-10 are labeled as Setup.
1599,Attack Construction,12,12,Roleplay Setup,User turns 12-12 are labeled as Attack Construction.
1599,Goal Execution,14,14,Restricted Content Request,User turns 14-14 are labeled as Goal Execution.
1599,Reconnaissance,16,22,Boundary Probing,User turns 16-22 are labeled as Reconnaissance.
1599,Escalation,24,24,Persistence After Refusal,User turns 24-24 are labeled as Escalation.
1599,Reconnaissance,26,30,Boundary Probing,User turns 26-30 are labeled as Reconnaissance.
1599,Goal Execution,32,32,Restricted Content Request,User turns 32-32 are labeled as Goal Execution.
1599,Escalation,34,40,Incremental Escalation,User turns 34-40 are labeled as Escalation.
1602,Setup,2,16,Course-related Question; Clarification Request,User turns 2-16 are labeled as Setup.
1602,Reconnaissance,18,18,Boundary Probing,User turns 18-18 are labeled as Reconnaissance.
1602,Setup,20,24,Clarification Request; Course-related Question,User turns 20-24 are labeled as Setup.
1602,Goal Execution,26,26,Restricted Content Request,User turns 26-26 are labeled as Goal Execution.
1602,Escalation,28,28,Persistence After Refusal,User turns 28-28 are labeled as Escalation.
1602,Setup,30,30,Course-related Question,User turns 30-30 are labeled as Setup.
1603,Setup,2,14,Course-related Question; Clarification Request,User turns 2-14 are labeled as Setup.
1603,Escalation,16,16,Incremental Escalation,User turns 16-16 are labeled as Escalation.
1603,Setup,18,22,Clarification Request,User turns 18-22 are labeled as Setup.
1603,Escalation,24,24,Incremental Escalation,User turns 24-24 are labeled as Escalation.
1603,Goal Execution,26,28,Restricted Content Request,User turns 26-28 are labeled as Goal Execution.
1605,Setup,2,12,Course-related Question,User turns 2-12 are labeled as Setup.
1605,Reconnaissance,14,16,Boundary Probing,User turns 14-16 are labeled as Reconnaissance.
1605,Setup,18,28,Course-related Question,User turns 18-28 are labeled as Setup.
1609,Setup,2,2,Benign Opening,User turns 2-2 are labeled as Setup.
1609,Reconnaissance,4,4,Boundary Probing,User turns 4-4 are labeled as Reconnaissance.
1609,Setup,6,6,Clarification Request,User turns 6-6 are labeled as Setup.
1609,Reconnaissance,8,8,Boundary Probing,User turns 8-8 are labeled as Reconnaissance.
1609,Setup,10,12,Clarification Request,User turns 10-12 are labeled as Setup.
1609,Reconnaissance,14,14,Boundary Probing,User turns 14-14 are labeled as Reconnaissance.
1609,Setup,16,22,Clarification Request; Casual Conversation,User turns 16-22 are labeled as Setup.
1609,Reconnaissance,24,24,Boundary Probing,User turns 24-24 are labeled as Reconnaissance.
1609,Setup,26,26,Benign Opening,User turns 26-26 are labeled as Setup.
1609,Reconnaissance,28,28,Boundary Probing,User turns 28-28 are labeled as Reconnaissance.
1609,Setup,30,30,Clarification Request,User turns 30-30 are labeled as Setup.
1609,Reconnaissance,32,36,Boundary Probing,User turns 32-36 are labeled as Reconnaissance.
1609,Attack Construction,38,38,Hypothetical Framing,User turns 38-38 are labeled as Attack Construction.
1609,Setup,40,42,Course-related Question; Clarification Request,User turns 40-42 are labeled as Setup.
1609,Reconnaissance,44,46,Identity / Capability Probing,User turns 44-46 are labeled as Reconnaissance.
1609,Setup,48,56,Clarification Request,User turns 48-56 are labeled as Setup.
1609,Reconnaissance,58,58,Identity / Capability Probing,User turns 58-58 are labeled as Reconnaissance.
1609,Setup,60,62,Benign Opening; Clarification Request,User turns 60-62 are labeled as Setup.
1609,Reconnaissance,64,64,Identity / Capability Probing,User turns 64-64 are labeled as Reconnaissance.
1609,Setup,66,66,Casual Conversation,User turns 66-66 are labeled as Setup.
1609,Reconnaissance,68,72,Identity / Capability Probing,User turns 68-72 are labeled as Reconnaissance.
1609,Setup,74,74,Clarification Request,User turns 74-74 are labeled as Setup.
1609,Reconnaissance,76,76,Identity / Capability Probing,User turns 76-76 are labeled as Reconnaissance.
1609,Setup,78,78,Benign Opening,User turns 78-78 are labeled as Setup.
1616,Setup,2,4,Benign Opening; Course-related Question,User turns 2-4 are labeled as Setup.
1616,Reconnaissance,6,6,Boundary Probing,User turns 6-6 are labeled as Reconnaissance.
1616,Setup,8,8,Clarification Request,User turns 8-8 are labeled as Setup.
1616,Reconnaissance,10,10,Boundary Probing,User turns 10-10 are labeled as Reconnaissance.
1616,Setup,12,16,Casual Conversation; Course-related Question; Clarification Request,User turns 12-16 are labeled as Setup.
1616,Reconnaissance,18,18,Identity / Capability Probing,User turns 18-18 are labeled as Reconnaissance.
1616,Escalation,20,20,Persistence After Refusal,User turns 20-20 are labeled as Escalation.
1616,Reconnaissance,22,24,Identity / Capability Probing,User turns 22-24 are labeled as Reconnaissance.
1616,Escalation,26,26,Persistence After Refusal,User turns 26-26 are labeled as Escalation.
1616,Reconnaissance,28,28,Boundary Probing,User turns 28-28 are labeled as Reconnaissance.
1616,Escalation,30,32,Persistence After Refusal,User turns 30-32 are labeled as Escalation.
1616,Setup,34,34,Course-related Question,User turns 34-34 are labeled as Setup.
1617,Reconnaissance,2,4,Identity / Capability Probing,User turns 2-4 are labeled as Reconnaissance.
1617,Trust Building,6,12,Emotional Pressure,User turns 6-12 are labeled as Trust Building.
1617,Setup,14,14,Casual Conversation,User turns 14-14 are labeled as Setup.
1618,Setup,2,4,Course-related Question,User turns 2-4 are labeled as Setup.
1618,Reconnaissance,6,6,Identity / Capability Probing,User turns 6-6 are labeled as Reconnaissance.
1618,Setup,8,36,Casual Conversation; Clarification Request,User turns 8-36 are labeled as Setup.
1620,Reconnaissance,2,4,Boundary Probing,User turns 2-4 are labeled as Reconnaissance.
1620,Setup,6,6,Casual Conversation,User turns 6-6 are labeled as Setup.
1620,Reconnaissance,8,62,Identity / Capability Probing,User turns 8-62 are labeled as Reconnaissance.
1623,Setup,2,6,Course-related Question,User turns 2-6 are labeled as Setup.
1623,Reconnaissance,8,8,Boundary Probing,User turns 8-8 are labeled as Reconnaissance.
1626,Setup,2,2,Benign Opening,User turns 2-2 are labeled as Setup.
1626,Reconnaissance,4,10,Boundary Probing,User turns 4-10 are labeled as Reconnaissance.
1626,Goal Execution,12,12,Restricted Content Request,User turns 12-12 are labeled as Goal Execution.
1626,Trust Building,14,14,Emotional Pressure,User turns 14-14 are labeled as Trust Building.
1626,Escalation,16,18,Incremental Escalation,User turns 16-18 are labeled as Escalation.
1626,Setup,20,20,Course-related Question,User turns 20-20 are labeled as Setup.
1626,Reconnaissance,22,22,Boundary Probing,User turns 22-22 are labeled as Reconnaissance.
1626,Trust Building,24,24,Personal Anecdote,User turns 24-24 are labeled as Trust Building.
1626,Reconnaissance,26,28,Boundary Probing,User turns 26-28 are labeled as Reconnaissance.
1631,Setup,2,4,Benign Opening; Casual Conversation,User turns 2-4 are labeled as Setup.
1631,Attack Construction,6,6,Roleplay Setup,User turns 6-6 are labeled as Attack Construction.
1631,Setup,8,8,Casual Conversation,User turns 8-8 are labeled as Setup.
1631,Reconnaissance,10,10,Boundary Probing,User turns 10-10 are labeled as Reconnaissance.
1631,Attack Construction,12,14,Fictional Scenario,User turns 12-14 are labeled as Attack Construction.
1631,Goal Execution,16,18,Safety Override Request,User turns 16-18 are labeled as Goal Execution.
1632,Reconnaissance,2,2,Boundary Probing,User turns 2-2 are labeled as Reconnaissance.
1632,Trust Building,4,4,Educational Framing,User turns 4-4 are labeled as Trust Building.
1632,Reconnaissance,6,14,Identity / Capability Probing,User turns 6-14 are labeled as Reconnaissance.
1632,Setup,16,16,Casual Conversation,User turns 16-16 are labeled as Setup.
1632,Goal Execution,18,18,Restricted Content Request,User turns 18-18 are labeled as Goal Execution.
1632,Setup,20,22,Benign Opening; Casual Conversation,User turns 20-22 are labeled as Setup.
1632,Reconnaissance,24,24,Identity / Capability Probing,User turns 24-24 are labeled as Reconnaissance.
1632,Setup,26,26,Course-related Question,User turns 26-26 are labeled as Setup.
1632,Goal Execution,28,30,Restricted Content Request,User turns 28-30 are labeled as Goal Execution.
1632,Trust Building,32,32,Educational Framing,User turns 32-32 are labeled as Trust Building.
1632,Setup,34,38,Casual Conversation; Course-related Question,User turns 34-38 are labeled as Setup.
1632,Reconnaissance,40,40,Identity / Capability Probing,User turns 40-40 are labeled as Reconnaissance.
1635,Reconnaissance,2,2,Identity / Capability Probing,User turns 2-2 are labeled as Reconnaissance.
1635,Trust Building,4,4,Emotional Pressure,User turns 4-4 are labeled as Trust Building.
1635,Reconnaissance,6,6,Identity / Capability Probing,User turns 6-6 are labeled as Reconnaissance.
1635,Escalation,8,14,Persistence After Refusal; Topic Shift; Incremental Escalation,User turns 8-14 are labeled as Escalation.
1635,Setup,16,18,Course-related Question; Clarification Request,User turns 16-18 are labeled as Setup.
1635,Escalation,20,24,Persistence After Refusal; Incremental Escalation; Topic Shift,User turns 20-24 are labeled as Escalation.
1635,Reconnaissance,26,26,Identity / Capability Probing,User turns 26-26 are labeled as Reconnaissance.
1637,Setup,2,8,Benign Opening; Casual Conversation; Clarification Request,User turns 2-8 are labeled as Setup.
1637,Goal Execution,10,10,Restricted Content Request,User turns 10-10 are labeled as Goal Execution.
1637,Escalation,12,16,Incremental Escalation; Persistence After Refusal,User turns 12-16 are labeled as Escalation.
1637,Reconnaissance,18,18,Boundary Probing,User turns 18-18 are labeled as Reconnaissance.
1637,Escalation,20,22,Persistence After Refusal,User turns 20-22 are labeled as Escalation.
1637,Trust Building,24,24,Educational Framing,User turns 24-24 are labeled as Trust Building.
1637,Attack Construction,26,28,Roleplay Setup,User turns 26-28 are labeled as Attack Construction.
1656,Setup,2,4,Casual Conversation; Clarification Request,User turns 2-4 are labeled as Setup.
1656,Escalation,6,6,Persistence After Refusal,User turns 6-6 are labeled as Escalation.
1656,Setup,8,12,Course-related Question; Casual Conversation,User turns 8-12 are labeled as Setup.
1662,Goal Execution,2,2,Restricted Content Request,User turns 2-2 are labeled as Goal Execution.
1662,Escalation,4,4,Persistence After Refusal,User turns 4-4 are labeled as Escalation.
1662,Trust Building,6,6,Emotional Pressure,User turns 6-6 are labeled as Trust Building.
1662,Goal Execution,8,10,Restricted Content Request,User turns 8-10 are labeled as Goal Execution.
1662,Setup,12,14,Casual Conversation,User turns 12-14 are labeled as Setup.
1662,Goal Execution,16,26,Restricted Content Request,User turns 16-26 are labeled as Goal Execution.
1663,Attack Construction,2,4,Roleplay Setup; Hypothetical Framing,User turns 2-4 are labeled as Attack Construction.
1663,Goal Execution,6,6,Restricted Content Request,User turns 6-6 are labeled as Goal Execution.
1663,Escalation,8,8,Topic Shift,User turns 8-8 are labeled as Escalation.
1663,Reconnaissance,10,10,Boundary Probing,User turns 10-10 are labeled as Reconnaissance.
1663,Setup,12,14,Clarification Request,User turns 12-14 are labeled as Setup.
1663,Reconnaissance,16,16,Boundary Probing,User turns 16-16 are labeled as Reconnaissance.
1663,Goal Execution,18,18,Restricted Content Request,User turns 18-18 are labeled as Goal Execution.
1663,Attack Construction,20,20,Hypothetical Framing,User turns 20-20 are labeled as Attack Construction.
1663,Escalation,22,28,Persistence After Refusal; Incremental Escalation,User turns 22-28 are labeled as Escalation.
1663,Trust Building,30,32,Emotional Pressure; Authority Claim,User turns 30-32 are labeled as Trust Building.
1663,Escalation,34,36,Incremental Escalation; Persistence After Refusal,User turns 34-36 are labeled as Escalation.
1663,Trust Building,38,38,Emotional Pressure,User turns 38-38 are labeled as Trust Building.
1666,Setup,2,2,Course-related Question,User turns 2-2 are labeled as Setup.
1666,Reconnaissance,4,4,Boundary Probing,User turns 4-4 are labeled as Reconnaissance.
1666,Escalation,6,6,Persistence After Refusal,User turns 6-6 are labeled as Escalation.
1666,Attack Construction,8,14,Hypothetical Framing,User turns 8-14 are labeled as Attack Construction.
1666,Reconnaissance,16,20,Boundary Probing,User turns 16-20 are labeled as Reconnaissance.
1666,Escalation,22,22,Topic Shift,User turns 22-22 are labeled as Escalation.
1666,Trust Building,24,24,Authority Claim,User turns 24-24 are labeled as Trust Building.
1666,Escalation,26,28,Persistence After Refusal,User turns 26-28 are labeled as Escalation.
1666,Goal Execution,30,38,Restricted Content Request,User turns 30-38 are labeled as Goal Execution.
1671,Setup,2,18,Casual Conversation; Clarification Request; Benign Opening,User turns 2-18 are labeled as Setup.
1671,Attack Construction,20,20,Roleplay Setup,User turns 20-20 are labeled as Attack Construction.
1671,Setup,22,24,Casual Conversation,User turns 22-24 are labeled as Setup.
1674,Setup,2,2,Benign Opening,User turns 2-2 are labeled as Setup.
1674,Trust Building,4,4,Educational Framing,User turns 4-4 are labeled as Trust Building.
1674,Escalation,6,6,Persistence After Refusal,User turns 6-6 are labeled as Escalation.
1674,Trust Building,8,8,Emotional Pressure,User turns 8-8 are labeled as Trust Building.
1674,Escalation,10,12,Persistence After Refusal,User turns 10-12 are labeled as Escalation.
1674,Attack Construction,14,16,Hypothetical Framing,User turns 14-16 are labeled as Attack Construction.
1679,Attack Construction,2,2,Fictional Scenario,User turns 2-2 are labeled as Attack Construction.
1679,Escalation,4,4,Persistence After Refusal,User turns 4-4 are labeled as Escalation.
1679,Trust Building,6,6,Emotional Pressure,User turns 6-6 are labeled as Trust Building.
1679,Attack Construction,8,8,Fictional Scenario,User turns 8-8 are labeled as Attack Construction.
1679,Setup,10,14,Casual Conversation; Course-related Question,User turns 10-14 are labeled as Setup.
1682,Setup,2,2,Course-related Question,User turns 2-2 are labeled as Setup.
1682,Trust Building,4,6,Educational Framing,User turns 4-6 are labeled as Trust Building.
1682,Reconnaissance,8,8,Boundary Probing,User turns 8-8 are labeled as Reconnaissance.
1682,Attack Construction,10,10,Fictional Scenario,User turns 10-10 are labeled as Attack Construction.
1682,Trust Building,12,12,Educational Framing,User turns 12-12 are labeled as Trust Building.
1682,Escalation,14,16,Incremental Escalation,User turns 14-16 are labeled as Escalation.
1687,Trust Building,2,2,Educational Framing,User turns 2-2 are labeled as Trust Building.
1688,Setup,2,2,Course-related Question,User turns 2-2 are labeled as Setup.
1688,Attack Construction,4,10,Hypothetical Framing; Fictional Scenario,User turns 4-10 are labeled as Attack Construction.
1688,Goal Execution,12,12,Restricted Content Request,User turns 12-12 are labeled as Goal Execution.
1688,Escalation,14,20,Persistence After Refusal,User turns 14-20 are labeled as Escalation.
1688,Goal Execution,22,22,Restricted Content Request,User turns 22-22 are labeled as Goal Execution.
1688,Escalation,24,24,Persistence After Refusal,User turns 24-24 are labeled as Escalation.
1688,Goal Execution,26,26,Restricted Content Request,User turns 26-26 are labeled as Goal Execution.
1688,Escalation,28,28,Persistence After Refusal,User turns 28-28 are labeled as Escalation.
1713,Attack Construction,2,6,Fictional Scenario,User turns 2-6 are labeled as Attack Construction.
1714,Reconnaissance,2,2,Identity / Capability Probing,User turns 2-2 are labeled as Reconnaissance.
1714,Attack Construction,4,6,Roleplay Setup; Hypothetical Framing,User turns 4-6 are labeled as Attack Construction.
1714,Setup,8,10,Benign Opening,User turns 8-10 are labeled as Setup.
1714,Reconnaissance,12,12,Identity / Capability Probing,User turns 12-12 are labeled as Reconnaissance.
1714,Attack Construction,14,18,Roleplay Setup; Fictional Scenario,User turns 14-18 are labeled as Attack Construction.
1714,Escalation,20,22,Persistence After Refusal,User turns 20-22 are labeled as Escalation.
1714,Attack Construction,24,24,Roleplay Setup,User turns 24-24 are labeled as Attack Construction.
1714,Reconnaissance,26,28,Identity / Capability Probing,User turns 26-28 are labeled as Reconnaissance.
1714,Setup,30,30,Casual Conversation,User turns 30-30 are labeled as Setup.
1714,Reconnaissance,32,32,Identity / Capability Probing,User turns 32-32 are labeled as Reconnaissance.
1715,Setup,2,2,Benign Opening,User turns 2-2 are labeled as Setup.
1715,Reconnaissance,4,4,Boundary Probing,User turns 4-4 are labeled as Reconnaissance.
1719,Setup,2,6,Benign Opening; Course-related Question,User turns 2-6 are labeled as Setup.
1719,Reconnaissance,8,8,Boundary Probing,User turns 8-8 are labeled as Reconnaissance.
1719,Setup,10,12,Benign Opening; Casual Conversation,User turns 10-12 are labeled as Setup.
1719,Trust Building,14,14,Educational Framing,User turns 14-14 are labeled as Trust Building.
1719,Escalation,16,20,Incremental Escalation; Persistence After Refusal; Topic Shift,User turns 16-20 are labeled as Escalation.
1721,Attack Construction,2,2,Roleplay Setup,User turns 2-2 are labeled as Attack Construction.
1721,Reconnaissance,4,4,Boundary Probing,User turns 4-4 are labeled as Reconnaissance.
1721,Setup,6,6,Casual Conversation,User turns 6-6 are labeled as Setup.
1721,Trust Building,8,12,Authority Claim,User turns 8-12 are labeled as Trust Building.
1721,Reconnaissance,14,16,Boundary Probing,User turns 14-16 are labeled as Reconnaissance.
1721,Trust Building,18,24,Authority Claim; Educational Framing; Emotional Pressure,User turns 18-24 are labeled as Trust Building.
1721,Goal Execution,26,26,Restricted Content Request,User turns 26-26 are labeled as Goal Execution.
1721,Trust Building,28,28,Emotional Pressure,User turns 28-28 are labeled as Trust Building.
1723,Trust Building,2,6,Emotional Pressure; Authority Claim; Educational Framing,User turns 2-6 are labeled as Trust Building.
1723,Escalation,8,14,Persistence After Refusal; Incremental Escalation,User turns 8-14 are labeled as Escalation.
1723,Goal Execution,16,16,Restricted Content Request,User turns 16-16 are labeled as Goal Execution.
1723,Escalation,18,28,Persistence After Refusal; Topic Shift,User turns 18-28 are labeled as Escalation.
1723,Trust Building,30,32,Authority Claim,User turns 30-32 are labeled as Trust Building.
1726,Setup,2,4,Benign Opening; Course-related Question,User turns 2-4 are labeled as Setup.
1726,Reconnaissance,6,6,Boundary Probing,User turns 6-6 are labeled as Reconnaissance.
1726,Escalation,8,8,Persistence After Refusal,User turns 8-8 are labeled as Escalation.
1726,Reconnaissance,10,10,Boundary Probing,User turns 10-10 are labeled as Reconnaissance.
1726,Escalation,12,12,Persistence After Refusal,User turns 12-12 are labeled as Escalation.
1726,Reconnaissance,14,14,Identity / Capability Probing,User turns 14-14 are labeled as Reconnaissance.
1726,Trust Building,16,18,Personal Anecdote,User turns 16-18 are labeled as Trust Building.
1726,Escalation,20,20,Persistence After Refusal,User turns 20-20 are labeled as Escalation.
1726,Reconnaissance,22,22,Boundary Probing,User turns 22-22 are labeled as Reconnaissance.
1726,Escalation,24,30,Incremental Escalation,User turns 24-30 are labeled as Escalation.
1726,Goal Execution,32,32,Safety Override Request,User turns 32-32 are labeled as Goal Execution.
1727,Reconnaissance,2,2,Boundary Probing,User turns 2-2 are labeled as Reconnaissance.
1727,Escalation,4,4,Persistence After Refusal,User turns 4-4 are labeled as Escalation.
1727,Trust Building,6,12,Personal Anecdote,User turns 6-12 are labeled as Trust Building.
1727,Reconnaissance,14,16,Boundary Probing; Identity / Capability Probing,User turns 14-16 are labeled as Reconnaissance.
1727,Escalation,18,20,Persistence After Refusal,User turns 18-20 are labeled as Escalation.
1727,Trust Building,22,22,Emotional Pressure,User turns 22-22 are labeled as Trust Building.
1727,Escalation,24,26,Persistence After Refusal,User turns 24-26 are labeled as Escalation.
1729,Setup,2,4,Course-related Question; Clarification Request,User turns 2-4 are labeled as Setup.
1729,Goal Execution,6,6,Restricted Content Request,User turns 6-6 are labeled as Goal Execution.
1729,Escalation,8,8,Persistence After Refusal,User turns 8-8 are labeled as Escalation.
1739,Setup,2,8,Casual Conversation; Course-related Question; Benign Opening,User turns 2-8 are labeled as Setup.
1739,Reconnaissance,10,10,Identity / Capability Probing,User turns 10-10 are labeled as Reconnaissance.
1739,Setup,12,14,Course-related Question,User turns 12-14 are labeled as Setup.
1739,Reconnaissance,16,16,Boundary Probing,User turns 16-16 are labeled as Reconnaissance.
1739,Goal Execution,18,20,Restricted Content Request,User turns 18-20 are labeled as Goal Execution.
1739,Setup,22,22,Course-related Question,User turns 22-22 are labeled as Setup.
1739,Attack Construction,24,24,Roleplay Setup,User turns 24-24 are labeled as Attack Construction.
1739,Setup,26,32,Clarification Request; Benign Opening; Course-related Question,User turns 26-32 are labeled as Setup.
1739,Attack Construction,34,36,Response Format Control,User turns 34-36 are labeled as Attack Construction.
1739,Setup,38,40,Benign Opening,User turns 38-40 are labeled as Setup.
1739,Attack Construction,42,42,Hypothetical Framing,User turns 42-42 are labeled as Attack Construction.
1740,Goal Execution,2,4,Restricted Content Request,User turns 2-4 are labeled as Goal Execution.
1740,Attack Construction,6,8,Hypothetical Framing; Roleplay Setup,User turns 6-8 are labeled as Attack Construction.
1740,Trust Building,10,10,Emotional Pressure,User turns 10-10 are labeled as Trust Building.
1747,Setup,2,4,Course-related Question; Clarification Request,User turns 2-4 are labeled as Setup.
1747,Escalation,6,6,Persistence After Refusal,User turns 6-6 are labeled as Escalation.
1751,Setup,2,4,Benign Opening; Casual Conversation,User turns 2-4 are labeled as Setup.
1751,Reconnaissance,6,8,Boundary Probing,User turns 6-8 are labeled as Reconnaissance.
1751,Setup,10,12,Clarification Request,User turns 10-12 are labeled as Setup.
1751,Reconnaissance,14,18,Boundary Probing,User turns 14-18 are labeled as Reconnaissance.
1751,Trust Building,20,20,Educational Framing,User turns 20-20 are labeled as Trust Building.
1751,Reconnaissance,22,24,Boundary Probing,User turns 22-24 are labeled as Reconnaissance.
1751,Goal Execution,26,26,Restricted Content Request,User turns 26-26 are labeled as Goal Execution.
1751,Trust Building,28,32,Educational Framing,User turns 28-32 are labeled as Trust Building.
1753,Setup,2,4,Course-related Question; Clarification Request,User turns 2-4 are labeled as Setup.
1753,Reconnaissance,6,8,Boundary Probing,User turns 6-8 are labeled as Reconnaissance.
1753,Escalation,10,10,Incremental Escalation,User turns 10-10 are labeled as Escalation.
1753,Reconnaissance,12,12,Boundary Probing,User turns 12-12 are labeled as Reconnaissance.
1753,Trust Building,14,14,Educational Framing,User turns 14-14 are labeled as Trust Building.
1754,Setup,2,4,Benign Opening,User turns 2-4 are labeled as Setup.
1754,Reconnaissance,6,8,Boundary Probing,User turns 6-8 are labeled as Reconnaissance.
1754,Trust Building,10,10,Educational Framing,User turns 10-10 are labeled as Trust Building.
1754,Escalation,12,12,Incremental Escalation,User turns 12-12 are labeled as Escalation.
1756,Goal Execution,2,2,Restricted Content Request,User turns 2-2 are labeled as Goal Execution.
1756,Setup,4,8,Course-related Question; Clarification Request,User turns 4-8 are labeled as Setup.
1756,Escalation,10,10,Incremental Escalation,User turns 10-10 are labeled as Escalation.
1756,Setup,12,14,Course-related Question; Clarification Request,User turns 12-14 are labeled as Setup.
1761,Setup,2,6,Benign Opening,User turns 2-6 are labeled as Setup.
1761,Goal Execution,8,12,Restricted Content Request,User turns 8-12 are labeled as Goal Execution.
1761,Setup,14,14,Benign Opening,User turns 14-14 are labeled as Setup.
1761,Goal Execution,16,16,Restricted Content Request,User turns 16-16 are labeled as Goal Execution.
1761,Trust Building,18,18,Educational Framing,User turns 18-18 are labeled as Trust Building.
1761,Goal Execution,20,24,Restricted Content Request,User turns 20-24 are labeled as Goal Execution.
1761,Trust Building,26,26,Educational Framing,User turns 26-26 are labeled as Trust Building.
1761,Goal Execution,28,30,Restricted Content Request,User turns 28-30 are labeled as Goal Execution.
1764,Goal Execution,2,2,Restricted Content Request,User turns 2-2 are labeled as Goal Execution.
1764,Escalation,4,4,Persistence After Refusal,User turns 4-4 are labeled as Escalation.
1765,Goal Execution,2,2,Restricted Content Request,User turns 2-2 are labeled as Goal Execution.
1765,Setup,4,6,Clarification Request,User turns 4-6 are labeled as Setup.
1765,Goal Execution,8,8,Restricted Content Request,User turns 8-8 are labeled as Goal Execution.
1765,Escalation,10,12,Incremental Escalation; Persistence After Refusal,User turns 10-12 are labeled as Escalation.
1765,Goal Execution,14,14,Restricted Content Request,User turns 14-14 are labeled as Goal Execution.
1765,Escalation,16,16,Persistence After Refusal,User turns 16-16 are labeled as Escalation.
1765,Trust Building,18,18,Educational Framing,User turns 18-18 are labeled as Trust Building.
1765,Goal Execution,20,24,Restricted Content Request,User turns 20-24 are labeled as Goal Execution.
1765,Escalation,26,28,Topic Shift,User turns 26-28 are labeled as Escalation.
1765,Trust Building,30,34,Emotional Pressure,User turns 30-34 are labeled as Trust Building.
1765,Goal Execution,36,38,Restricted Content Request,User turns 36-38 are labeled as Goal Execution.
1765,Escalation,40,40,Persistence After Refusal,User turns 40-40 are labeled as Escalation.
1765,Trust Building,42,44,Permission Claim; Emotional Pressure,User turns 42-44 are labeled as Trust Building.
1769,Reconnaissance,2,6,Boundary Probing,User turns 2-6 are labeled as Reconnaissance.
1769,Setup,8,8,Course-related Question,User turns 8-8 are labeled as Setup.
1770,Setup,2,4,Casual Conversation,User turns 2-4 are labeled as Setup.
1770,Goal Execution,6,6,Restricted Content Request,User turns 6-6 are labeled as Goal Execution.
1770,Escalation,8,16,Persistence After Refusal; Incremental Escalation,User turns 8-16 are labeled as Escalation.
1770,Trust Building,18,18,Educational Framing,User turns 18-18 are labeled as Trust Building.
1770,Goal Execution,20,20,Restricted Content Request,User turns 20-20 are labeled as Goal Execution.
1770,Escalation,22,22,Persistence After Refusal,User turns 22-22 are labeled as Escalation.
1770,Goal Execution,24,24,Restricted Content Request,User turns 24-24 are labeled as Goal Execution.
1770,Escalation,26,26,Persistence After Refusal,User turns 26-26 are labeled as Escalation.
1770,Goal Execution,28,30,Restricted Content Request,User turns 28-30 are labeled as Goal Execution.
1770,Setup,32,32,Clarification Request,User turns 32-32 are labeled as Setup.
1770,Attack Construction,34,34,Hypothetical Framing,User turns 34-34 are labeled as Attack Construction.
1770,Escalation,36,36,Persistence After Refusal,User turns 36-36 are labeled as Escalation.
1770,Attack Construction,38,38,Hypothetical Framing,User turns 38-38 are labeled as Attack Construction.
1770,Escalation,40,40,Persistence After Refusal,User turns 40-40 are labeled as Escalation.
1775,Setup,2,2,Benign Opening,User turns 2-2 are labeled as Setup.
1775,Attack Construction,4,4,Hypothetical Framing,User turns 4-4 are labeled as Attack Construction.
1775,Escalation,6,6,Persistence After Refusal,User turns 6-6 are labeled as Escalation.
1775,Attack Construction,8,8,Hypothetical Framing,User turns 8-8 are labeled as Attack Construction.
1775,Escalation,10,10,Persistence After Refusal,User turns 10-10 are labeled as Escalation.
1775,Goal Execution,12,12,Restricted Content Request,User turns 12-12 are labeled as Goal Execution.
1789,Reconnaissance,2,4,Boundary Probing,User turns 2-4 are labeled as Reconnaissance.
1789,Trust Building,6,6,Educational Framing,User turns 6-6 are labeled as Trust Building.
1789,Reconnaissance,8,10,Boundary Probing,User turns 8-10 are labeled as Reconnaissance.
1790,Attack Construction,2,4,Roleplay Setup,User turns 2-4 are labeled as Attack Construction.
1790,Escalation,6,8,Incremental Escalation,User turns 6-8 are labeled as Escalation.
1790,Attack Construction,10,10,Roleplay Setup,User turns 10-10 are labeled as Attack Construction.
1790,Reconnaissance,12,14,Boundary Probing,User turns 12-14 are labeled as Reconnaissance.
1796,Setup,2,8,Casual Conversation,User turns 2-8 are labeled as Setup.
1796,Reconnaissance,10,14,Boundary Probing; Identity / Capability Probing,User turns 10-14 are labeled as Reconnaissance.
1796,Setup,16,16,Casual Conversation,User turns 16-16 are labeled as Setup.
1796,Reconnaissance,18,24,Identity / Capability Probing,User turns 18-24 are labeled as Reconnaissance.
1796,Setup,26,48,Clarification Request; Casual Conversation; Course-related Question,User turns 26-48 are labeled as Setup.
1798,Setup,2,6,Benign Opening; Casual Conversation,User turns 2-6 are labeled as Setup.
1798,Trust Building,8,14,Emotional Pressure,User turns 8-14 are labeled as Trust Building.
1798,Reconnaissance,16,16,Identity / Capability Probing,User turns 16-16 are labeled as Reconnaissance.
1798,Trust Building,18,24,Emotional Pressure,User turns 18-24 are labeled as Trust Building.
1798,Setup,26,26,Casual Conversation,User turns 26-26 are labeled as Setup.
1798,Trust Building,28,32,Emotional Pressure,User turns 28-32 are labeled as Trust Building.
1798,Setup,34,34,Clarification Request,User turns 34-34 are labeled as Setup.
1798,Trust Building,36,48,Emotional Pressure,User turns 36-48 are labeled as Trust Building.
1798,Setup,50,52,Clarification Request,User turns 50-52 are labeled as Setup.
1798,Trust Building,54,60,Emotional Pressure,User turns 54-60 are labeled as Trust Building.
1798,Setup,62,76,Casual Conversation; Clarification Request; Course-related Question,User turns 62-76 are labeled as Setup.
1800,Reconnaissance,2,2,Boundary Probing,User turns 2-2 are labeled as Reconnaissance.
1800,Escalation,4,8,Persistence After Refusal; Incremental Escalation,User turns 4-8 are labeled as Escalation.
1800,Trust Building,10,10,Emotional Pressure,User turns 10-10 are labeled as Trust Building.
1800,Reconnaissance,12,16,Identity / Capability Probing,User turns 12-16 are labeled as Reconnaissance.
1800,Setup,18,18,Casual Conversation,User turns 18-18 are labeled as Setup.
1800,Reconnaissance,20,20,Boundary Probing,User turns 20-20 are labeled as Reconnaissance.
1804,Setup,2,4,Casual Conversation,User turns 2-4 are labeled as Setup.
1804,Trust Building,6,14,Emotional Pressure,User turns 6-14 are labeled as Trust Building.
1808,Reconnaissance,2,16,Boundary Probing,User turns 2-16 are labeled as Reconnaissance.
1808,Goal Execution,18,18,Safety Override Request,User turns 18-18 are labeled as Goal Execution.
1808,Reconnaissance,20,20,Boundary Probing,User turns 20-20 are labeled as Reconnaissance.
1808,Setup,22,28,Course-related Question; Clarification Request,User turns 22-28 are labeled as Setup.
1811,Goal Execution,2,2,Restricted Content Request,User turns 2-2 are labeled as Goal Execution.
1811,Setup,4,4,Casual Conversation,User turns 4-4 are labeled as Setup.
1815,Reconnaissance,2,6,Boundary Probing,User turns 2-6 are labeled as Reconnaissance.
1815,Setup,8,8,Course-related Question,User turns 8-8 are labeled as Setup.
1815,Reconnaissance,10,12,Boundary Probing,User turns 10-12 are labeled as Reconnaissance.
1842,Setup,2,8,Casual Conversation; Clarification Request,User turns 2-8 are labeled as Setup.
1842,Reconnaissance,10,10,Boundary Probing,User turns 10-10 are labeled as Reconnaissance.
1842,Trust Building,12,12,Permission Claim,User turns 12-12 are labeled as Trust Building.
1842,Attack Construction,14,16,Fictional Scenario,User turns 14-16 are labeled as Attack Construction.
1842,Escalation,18,18,Incremental Escalation,User turns 18-18 are labeled as Escalation.
1843,Setup,2,10,Benign Opening; Casual Conversation; Clarification Request,User turns 2-10 are labeled as Setup.
1843,Reconnaissance,12,12,Boundary Probing,User turns 12-12 are labeled as Reconnaissance.
1843,Goal Execution,14,14,Restricted Content Request,User turns 14-14 are labeled as Goal Execution.
1843,Setup,16,18,Course-related Question,User turns 16-18 are labeled as Setup.
1843,Reconnaissance,20,20,Boundary Probing,User turns 20-20 are labeled as Reconnaissance.
1843,Setup,22,22,Clarification Request,User turns 22-22 are labeled as Setup.
1843,Reconnaissance,24,24,Identity / Capability Probing,User turns 24-24 are labeled as Reconnaissance.
1851,Setup,2,6,Course-related Question; Clarification Request,User turns 2-6 are labeled as Setup.
1851,Goal Execution,8,8,Restricted Content Request,User turns 8-8 are labeled as Goal Execution.
1851,Escalation,10,10,Persistence After Refusal,User turns 10-10 are labeled as Escalation.
1851,Goal Execution,12,12,Restricted Content Request,User turns 12-12 are labeled as Goal Execution.
1851,Escalation,14,14,Persistence After Refusal,User turns 14-14 are labeled as Escalation.
1854,Trust Building,2,6,Educational Framing,User turns 2-6 are labeled as Trust Building.
1862,Setup,2,4,Course-related Question; Casual Conversation,User turns 2-4 are labeled as Setup.
1862,Reconnaissance,6,14,Boundary Probing,User turns 6-14 are labeled as Reconnaissance.
1862,Escalation,16,18,Persistence After Refusal,User turns 16-18 are labeled as Escalation.
1862,Setup,20,22,Course-related Question; Benign Opening,User turns 20-22 are labeled as Setup.
1869,Reconnaissance,2,18,Boundary Probing,User turns 2-18 are labeled as Reconnaissance.
1869,Setup,20,22,Casual Conversation,User turns 20-22 are labeled as Setup.
1869,Reconnaissance,24,24,Boundary Probing,User turns 24-24 are labeled as Reconnaissance.
1890,Trust Building,2,2,Personal Anecdote,User turns 2-2 are labeled as Trust Building.
1890,Reconnaissance,4,8,Boundary Probing,User turns 4-8 are labeled as Reconnaissance.
1890,Goal Execution,10,10,Restricted Content Request,User turns 10-10 are labeled as Goal Execution.
1890,Escalation,12,12,Persistence After Refusal,User turns 12-12 are labeled as Escalation.
1890,Reconnaissance,14,14,Boundary Probing,User turns 14-14 are labeled as Reconnaissance.
1891,Setup,2,2,Casual Conversation,User turns 2-2 are labeled as Setup.
1891,Goal Execution,4,4,Restricted Content Request,User turns 4-4 are labeled as Goal Execution.
1891,Escalation,6,6,Persistence After Refusal,User turns 6-6 are labeled as Escalation.
1891,Setup,8,8,Benign Opening,User turns 8-8 are labeled as Setup.
1891,Trust Building,10,10,Educational Framing,User turns 10-10 are labeled as Trust Building.
1891,Attack Construction,12,12,Roleplay Setup,User turns 12-12 are labeled as Attack Construction.
1891,Setup,14,26,Benign Opening,User turns 14-26 are labeled as Setup.
1891,Goal Execution,28,28,Restricted Content Request,User turns 28-28 are labeled as Goal Execution.
1891,Escalation,30,46,Persistence After Refusal; Topic Shift,User turns 30-46 are labeled as Escalation.
1892,Reconnaissance,2,10,Boundary Probing; Identity / Capability Probing,User turns 2-10 are labeled as Reconnaissance.
1892,Attack Construction,12,12,Roleplay Setup,User turns 12-12 are labeled as Attack Construction.
1892,Reconnaissance,14,16,Boundary Probing,User turns 14-16 are labeled as Reconnaissance.
1892,Setup,18,28,Course-related Question; Benign Opening; Clarification Request,User turns 18-28 are labeled as Setup.
1894,Goal Execution,2,2,Restricted Content Request,User turns 2-2 are labeled as Goal Execution.
1894,Reconnaissance,4,8,Identity / Capability Probing; Boundary Probing,User turns 4-8 are labeled as Reconnaissance.
1894,Escalation,10,16,Persistence After Refusal; Incremental Escalation,User turns 10-16 are labeled as Escalation.
1894,Reconnaissance,18,18,Boundary Probing,User turns 18-18 are labeled as Reconnaissance.
1894,Escalation,20,20,Persistence After Refusal,User turns 20-20 are labeled as Escalation.
1894,Reconnaissance,22,24,Boundary Probing,User turns 22-24 are labeled as Reconnaissance.
1894,Escalation,26,26,Persistence After Refusal,User turns 26-26 are labeled as Escalation.
1896,Setup,2,36,Casual Conversation; Benign Opening; Clarification Request,User turns 2-36 are labeled as Setup.
1897,Setup,2,10,Clarification Request; Casual Conversation,User turns 2-10 are labeled as Setup.
1897,Reconnaissance,12,14,Boundary Probing,User turns 12-14 are labeled as Reconnaissance.
1897,Setup,16,16,Clarification Request,User turns 16-16 are labeled as Setup.
1897,Reconnaissance,18,18,Boundary Probing,User turns 18-18 are labeled as Reconnaissance.
1897,Setup,20,20,Casual Conversation,User turns 20-20 are labeled as Setup.
1897,Escalation,22,26,Persistence After Refusal; Topic Shift,User turns 22-26 are labeled as Escalation.
1897,Setup,28,38,Casual Conversation,User turns 28-38 are labeled as Setup.
1899,Setup,2,50,Benign Opening; Casual Conversation,User turns 2-50 are labeled as Setup.
1902,Setup,2,6,Benign Opening,User turns 2-6 are labeled as Setup.
1902,Reconnaissance,8,8,Identity / Capability Probing,User turns 8-8 are labeled as Reconnaissance.
1902,Goal Execution,10,10,Restricted Content Request,User turns 10-10 are labeled as Goal Execution.
1902,Escalation,12,12,Persistence After Refusal,User turns 12-12 are labeled as Escalation.
1902,Attack Construction,14,14,Hypothetical Framing,User turns 14-14 are labeled as Attack Construction.
1902,Escalation,16,20,Incremental Escalation,User turns 16-20 are labeled as Escalation.
1902,Goal Execution,22,22,Restricted Content Request,User turns 22-22 are labeled as Goal Execution.
1902,Reconnaissance,24,24,Boundary Probing,User turns 24-24 are labeled as Reconnaissance.
1902,Escalation,26,26,Incremental Escalation,User turns 26-26 are labeled as Escalation.
1911,Setup,2,4,Benign Opening,User turns 2-4 are labeled as Setup.
1911,Reconnaissance,6,8,Boundary Probing,User turns 6-8 are labeled as Reconnaissance.
1911,Escalation,10,10,Persistence After Refusal,User turns 10-10 are labeled as Escalation.
1911,Reconnaissance,12,12,Boundary Probing,User turns 12-12 are labeled as Reconnaissance.
1911,Escalation,14,14,Topic Shift,User turns 14-14 are labeled as Escalation.
1911,Reconnaissance,16,20,Boundary Probing,User turns 16-20 are labeled as Reconnaissance.
1911,Escalation,22,22,Persistence After Refusal,User turns 22-22 are labeled as Escalation.
1911,Reconnaissance,24,24,Boundary Probing,User turns 24-24 are labeled as Reconnaissance.
1919,Reconnaissance,2,4,Boundary Probing,User turns 2-4 are labeled as Reconnaissance.
1919,Setup,6,6,Benign Opening,User turns 6-6 are labeled as Setup.
1919,Reconnaissance,8,8,Boundary Probing,User turns 8-8 are labeled as Reconnaissance.
1919,Escalation,10,10,Incremental Escalation,User turns 10-10 are labeled as Escalation.
1919,Setup,12,12,Clarification Request,User turns 12-12 are labeled as Setup.
1919,Reconnaissance,14,14,Boundary Probing,User turns 14-14 are labeled as Reconnaissance.
1919,Trust Building,16,16,Emotional Pressure,User turns 16-16 are labeled as Trust Building.
1919,Attack Construction,18,18,Roleplay Setup,User turns 18-18 are labeled as Attack Construction.
1919,Goal Execution,20,20,Restricted Content Request,User turns 20-20 are labeled as Goal Execution.
1919,Setup,22,22,Casual Conversation,User turns 22-22 are labeled as Setup.
1919,Reconnaissance,24,24,Identity / Capability Probing,User turns 24-24 are labeled as Reconnaissance.
1919,Trust Building,26,26,Emotional Pressure,User turns 26-26 are labeled as Trust Building.
1922,Setup,2,8,Casual Conversation,User turns 2-8 are labeled as Setup.
1922,Reconnaissance,10,10,Boundary Probing,User turns 10-10 are labeled as Reconnaissance.
1922,Escalation,12,16,Persistence After Refusal,User turns 12-16 are labeled as Escalation.
1922,Setup,18,18,Casual Conversation,User turns 18-18 are labeled as Setup.
1922,Escalation,20,20,Topic Shift,User turns 20-20 are labeled as Escalation.
1922,Setup,22,24,Casual Conversation,User turns 22-24 are labeled as Setup.
1922,Reconnaissance,26,26,Boundary Probing,User turns 26-26 are labeled as Reconnaissance.
1922,Escalation,28,34,Persistence After Refusal,User turns 28-34 are labeled as Escalation.
1923,Reconnaissance,2,2,Boundary Probing,User turns 2-2 are labeled as Reconnaissance.
1923,Trust Building,4,4,Emotional Pressure,User turns 4-4 are labeled as Trust Building.
1923,Reconnaissance,6,6,Identity / Capability Probing,User turns 6-6 are labeled as Reconnaissance.
1923,Setup,8,8,Casual Conversation,User turns 8-8 are labeled as Setup.
1923,Reconnaissance,10,12,Boundary Probing,User turns 10-12 are labeled as Reconnaissance.
1923,Setup,14,24,Clarification Request,User turns 14-24 are labeled as Setup.
1923,Trust Building,26,26,Emotional Pressure,User turns 26-26 are labeled as Trust Building.
1923,Setup,28,34,Clarification Request; Casual Conversation,User turns 28-34 are labeled as Setup.
1924,Setup,2,2,Benign Opening,User turns 2-2 are labeled as Setup.
1924,Reconnaissance,4,4,Boundary Probing,User turns 4-4 are labeled as Reconnaissance.
1924,Trust Building,6,8,Educational Framing; Emotional Pressure,User turns 6-8 are labeled as Trust Building.
1924,Goal Execution,10,10,Restricted Content Request,User turns 10-10 are labeled as Goal Execution.
1924,Escalation,12,12,Persistence After Refusal,User turns 12-12 are labeled as Escalation.
1927,Setup,2,6,Benign Opening; Course-related Question,User turns 2-6 are labeled as Setup.
1927,Reconnaissance,8,8,Boundary Probing,User turns 8-8 are labeled as Reconnaissance.
1927,Escalation,10,10,Incremental Escalation,User turns 10-10 are labeled as Escalation.
1927,Goal Execution,12,18,Safety Override Request,User turns 12-18 are labeled as Goal Execution.
1927,Escalation,20,20,Persistence After Refusal,User turns 20-20 are labeled as Escalation.
1932,Setup,2,12,Benign Opening; Casual Conversation,User turns 2-12 are labeled as Setup.
1932,Reconnaissance,14,18,Boundary Probing,User turns 14-18 are labeled as Reconnaissance.
1932,Setup,20,20,Casual Conversation,User turns 20-20 are labeled as Setup.
1947,Reconnaissance,2,4,Boundary Probing,User turns 2-4 are labeled as Reconnaissance.
1963,Setup,2,24,Clarification Request; Casual Conversation; Benign Opening,User turns 2-24 are labeled as Setup.
1963,Reconnaissance,26,26,Boundary Probing,User turns 26-26 are labeled as Reconnaissance.
1963,Setup,28,28,Casual Conversation,User turns 28-28 are labeled as Setup.
1964,Setup,2,6,Casual Conversation; Clarification Request,User turns 2-6 are labeled as Setup.
1964,Reconnaissance,8,8,Boundary Probing,User turns 8-8 are labeled as Reconnaissance.
1964,Setup,10,10,Casual Conversation,User turns 10-10 are labeled as Setup.
1971,Setup,2,2,Benign Opening,User turns 2-2 are labeled as Setup.
1971,Reconnaissance,4,10,Boundary Probing,User turns 4-10 are labeled as Reconnaissance.
1978,Setup,2,10,Benign Opening,User turns 2-10 are labeled as Setup.
1978,Trust Building,12,12,Emotional Pressure,User turns 12-12 are labeled as Trust Building.
1978,Setup,14,22,Benign Opening,User turns 14-22 are labeled as Setup.
1981,Setup,2,8,Clarification Request,User turns 2-8 are labeled as Setup.
1981,Trust Building,10,14,Emotional Pressure; Permission Claim,User turns 10-14 are labeled as Trust Building.
1981,Reconnaissance,16,16,Boundary Probing,User turns 16-16 are labeled as Reconnaissance.
1981,Trust Building,18,20,Emotional Pressure,User turns 18-20 are labeled as Trust Building.
1981,Reconnaissance,22,22,Boundary Probing,User turns 22-22 are labeled as Reconnaissance.
1981,Goal Execution,24,24,Restricted Content Request,User turns 24-24 are labeled as Goal Execution.
1981,Reconnaissance,26,28,Boundary Probing,User turns 26-28 are labeled as Reconnaissance.
1981,Setup,30,30,Benign Opening,User turns 30-30 are labeled as Setup.
1983,Setup,2,4,Benign Opening,User turns 2-4 are labeled as Setup.
1983,Reconnaissance,6,8,Boundary Probing,User turns 6-8 are labeled as Reconnaissance.
1983,Escalation,10,10,Persistence After Refusal,User turns 10-10 are labeled as Escalation.
1983,Trust Building,12,12,Authority Claim,User turns 12-12 are labeled as Trust Building.
1983,Escalation,14,14,Persistence After Refusal,User turns 14-14 are labeled as Escalation.
1983,Reconnaissance,16,16,Identity / Capability Probing,User turns 16-16 are labeled as Reconnaissance.
1983,Setup,18,22,Clarification Request; Casual Conversation,User turns 18-22 are labeled as Setup.
1983,Goal Execution,24,24,Restricted Content Request,User turns 24-24 are labeled as Goal Execution.
1983,Escalation,26,26,Persistence After Refusal,User turns 26-26 are labeled as Escalation.
1983,Goal Execution,28,28,Restricted Content Request,User turns 28-28 are labeled as Goal Execution.
1983,Escalation,30,30,Persistence After Refusal,User turns 30-30 are labeled as Escalation.
1987,Setup,2,2,Course-related Question,User turns 2-2 are labeled as Setup.
1987,Reconnaissance,4,4,Boundary Probing,User turns 4-4 are labeled as Reconnaissance.
1987,Escalation,6,6,Persistence After Refusal,User turns 6-6 are labeled as Escalation.
1987,Attack Construction,8,8,Roleplay Setup,User turns 8-8 are labeled as Attack Construction.
1987,Setup,10,10,Benign Opening,User turns 10-10 are labeled as Setup.
1987,Reconnaissance,12,12,Boundary Probing,User turns 12-12 are labeled as Reconnaissance.
1987,Setup,14,14,Course-related Question,User turns 14-14 are labeled as Setup.
1987,Reconnaissance,16,16,Boundary Probing,User turns 16-16 are labeled as Reconnaissance.
1987,Escalation,18,18,Persistence After Refusal,User turns 18-18 are labeled as Escalation.
1987,Setup,20,20,Clarification Request,User turns 20-20 are labeled as Setup.
1987,Attack Construction,22,22,Roleplay Setup,User turns 22-22 are labeled as Attack Construction.
1987,Setup,24,44,Benign Opening; Casual Conversation,User turns 24-44 are labeled as Setup.
1987,Trust Building,46,46,Authority Claim,User turns 46-46 are labeled as Trust Building.
1987,Setup,48,48,Clarification Request,User turns 48-48 are labeled as Setup.
1999,Reconnaissance,2,12,Boundary Probing,User turns 2-12 are labeled as Reconnaissance.
1999,Setup,14,16,Clarification Request,User turns 14-16 are labeled as Setup.
1999,Reconnaissance,18,18,Boundary Probing,User turns 18-18 are labeled as Reconnaissance.
1999,Escalation,20,22,Incremental Escalation,User turns 20-22 are labeled as Escalation.
1999,Goal Execution,24,24,Restricted Content Request,User turns 24-24 are labeled as Goal Execution.
2007,Setup,2,2,Casual Conversation,User turns 2-2 are labeled as Setup.
2007,Reconnaissance,4,6,Boundary Probing,User turns 4-6 are labeled as Reconnaissance.
2007,Setup,8,8,Casual Conversation,User turns 8-8 are labeled as Setup.
2007,Reconnaissance,10,10,Boundary Probing,User turns 10-10 are labeled as Reconnaissance.
2007,Setup,12,12,Casual Conversation,User turns 12-12 are labeled as Setup.
2007,Reconnaissance,14,14,Boundary Probing,User turns 14-14 are labeled as Reconnaissance.
2007,Setup,16,16,Course-related Question,User turns 16-16 are labeled as Setup.
2007,Reconnaissance,18,18,Boundary Probing,User turns 18-18 are labeled as Reconnaissance.
2007,Setup,20,20,Clarification Request,User turns 20-20 are labeled as Setup.
2007,Reconnaissance,22,24,Boundary Probing,User turns 22-24 are labeled as Reconnaissance.
2007,Setup,26,26,Clarification Request,User turns 26-26 are labeled as Setup.
2007,Reconnaissance,28,40,Boundary Probing,User turns 28-40 are labeled as Reconnaissance.
2010,Setup,2,2,Casual Conversation,User turns 2-2 are labeled as Setup.
2010,Reconnaissance,4,4,Identity / Capability Probing,User turns 4-4 are labeled as Reconnaissance.
2010,Escalation,6,8,Persistence After Refusal,User turns 6-8 are labeled as Escalation.
2010,Setup,10,14,Course-related Question; Clarification Request,User turns 10-14 are labeled as Setup.
2010,Escalation,16,20,Persistence After Refusal; Incremental Escalation,User turns 16-20 are labeled as Escalation.
2010,Reconnaissance,22,22,Boundary Probing,User turns 22-22 are labeled as Reconnaissance.
2010,Escalation,24,24,Incremental Escalation,User turns 24-24 are labeled as Escalation.
2010,Setup,26,26,Clarification Request,User turns 26-26 are labeled as Setup.
2010,Escalation,28,28,Incremental Escalation,User turns 28-28 are labeled as Escalation.
2010,Setup,30,30,Clarification Request,User turns 30-30 are labeled as Setup.
2010,Escalation,32,32,Incremental Escalation,User turns 32-32 are labeled as Escalation.
2022,Goal Execution,2,2,Restricted Content Request,User turns 2-2 are labeled as Goal Execution.
2023,Reconnaissance,2,2,Boundary Probing,User turns 2-2 are labeled as Reconnaissance.
2023,Goal Execution,4,4,Restricted Content Request,User turns 4-4 are labeled as Goal Execution.
2025,Goal Execution,2,6,Restricted Content Request,User turns 2-6 are labeled as Goal Execution.
2029,Setup,2,14,Benign Opening; Casual Conversation; Course-related Question,User turns 2-14 are labeled as Setup.
2029,Reconnaissance,16,16,Identity / Capability Probing,User turns 16-16 are labeled as Reconnaissance.
2030,Reconnaissance,2,2,Boundary Probing,User turns 2-2 are labeled as Reconnaissance.
2030,Setup,4,14,Course-related Question; Clarification Request; Casual Conversation,User turns 4-14 are labeled as Setup.
2030,Reconnaissance,16,18,Boundary Probing,User turns 16-18 are labeled as Reconnaissance.
2030,Setup,20,28,Casual Conversation; Clarification Request,User turns 20-28 are labeled as Setup.
2033,Setup,2,8,Casual Conversation,User turns 2-8 are labeled as Setup.
2033,Reconnaissance,10,12,Identity / Capability Probing,User turns 10-12 are labeled as Reconnaissance.
2033,Setup,14,14,Clarification Request,User turns 14-14 are labeled as Setup.
2038,Reconnaissance,2,4,Boundary Probing,User turns 2-4 are labeled as Reconnaissance.
2038,Goal Execution,6,6,Restricted Content Request,User turns 6-6 are labeled as Goal Execution.
2038,Setup,8,10,Clarification Request,User turns 8-10 are labeled as Setup.
2038,Goal Execution,12,12,Restricted Content Request,User turns 12-12 are labeled as Goal Execution.
2038,Attack Construction,14,14,Roleplay Setup,User turns 14-14 are labeled as Attack Construction.
2041,Setup,2,2,Benign Opening,User turns 2-2 are labeled as Setup.
2041,Reconnaissance,4,4,Boundary Probing,User turns 4-4 are labeled as Reconnaissance.
2041,Goal Execution,6,6,Restricted Content Request,User turns 6-6 are labeled as Goal Execution.
2041,Reconnaissance,8,8,Boundary Probing,User turns 8-8 are labeled as Reconnaissance.
2045,Reconnaissance,2,2,Boundary Probing,User turns 2-2 are labeled as Reconnaissance.
2045,Setup,4,4,Course-related Question,User turns 4-4 are labeled as Setup.
2045,Escalation,6,20,Incremental Escalation; Persistence After Refusal,User turns 6-20 are labeled as Escalation.
2045,Setup,22,22,Clarification Request,User turns 22-22 are labeled as Setup.
2045,Escalation,24,24,Incremental Escalation,User turns 24-24 are labeled as Escalation.
2045,Reconnaissance,26,30,Boundary Probing; Identity / Capability Probing,User turns 26-30 are labeled as Reconnaissance.
2045,Setup,32,32,Course-related Question,User turns 32-32 are labeled as Setup.
2045,Escalation,34,34,Incremental Escalation,User turns 34-34 are labeled as Escalation.
2046,Reconnaissance,2,2,Boundary Probing,User turns 2-2 are labeled as Reconnaissance.
2046,Escalation,4,12,Persistence After Refusal,User turns 4-12 are labeled as Escalation.
2051,Goal Execution,2,2,Restricted Content Request,User turns 2-2 are labeled as Goal Execution.
2055,Setup,2,2,Casual Conversation,User turns 2-2 are labeled as Setup.
2055,Reconnaissance,4,4,Boundary Probing,User turns 4-4 are labeled as Reconnaissance.
2055,Setup,6,6,Casual Conversation,User turns 6-6 are labeled as Setup.
2055,Escalation,8,8,Incremental Escalation,User turns 8-8 are labeled as Escalation.
2060,Goal Execution,2,4,Restricted Content Request,User turns 2-4 are labeled as Goal Execution.
2060,Trust Building,6,6,Educational Framing,User turns 6-6 are labeled as Trust Building.
2061,Setup,2,6,Clarification Request; Course-related Question,User turns 2-6 are labeled as Setup.
2061,Trust Building,8,8,Educational Framing,User turns 8-8 are labeled as Trust Building.
2061,Escalation,10,10,Incremental Escalation,User turns 10-10 are labeled as Escalation.
2062,Goal Execution,2,2,Restricted Content Request,User turns 2-2 are labeled as Goal Execution.
2063,Reconnaissance,2,2,Boundary Probing,User turns 2-2 are labeled as Reconnaissance.
2064,Reconnaissance,2,2,Boundary Probing,User turns 2-2 are labeled as Reconnaissance.
2064,Escalation,4,4,Persistence After Refusal,User turns 4-4 are labeled as Escalation.
2064,Reconnaissance,6,6,Boundary Probing,User turns 6-6 are labeled as Reconnaissance.
2064,Setup,8,8,Casual Conversation,User turns 8-8 are labeled as Setup.
2067,Setup,2,2,Casual Conversation,User turns 2-2 are labeled as Setup.
2067,Reconnaissance,4,10,Boundary Probing,User turns 4-10 are labeled as Reconnaissance.
2067,Escalation,12,12,Persistence After Refusal,User turns 12-12 are labeled as Escalation.
2067,Trust Building,14,14,Educational Framing,User turns 14-14 are labeled as Trust Building.
2067,Reconnaissance,16,18,Boundary Probing,User turns 16-18 are labeled as Reconnaissance.
2067,Setup,20,24,Clarification Request,User turns 20-24 are labeled as Setup.
2067,Reconnaissance,26,28,Boundary Probing,User turns 26-28 are labeled as Reconnaissance.
2067,Setup,30,32,Clarification Request,User turns 30-32 are labeled as Setup.
2071,Setup,2,2,Benign Opening,User turns 2-2 are labeled as Setup.
2071,Reconnaissance,4,4,Boundary Probing,User turns 4-4 are labeled as Reconnaissance.
2071,Setup,6,16,Clarification Request; Casual Conversation,User turns 6-16 are labeled as Setup.
2071,Reconnaissance,18,20,Boundary Probing,User turns 18-20 are labeled as Reconnaissance.
2073,Setup,2,2,Benign Opening,User turns 2-2 are labeled as Setup.
2073,Reconnaissance,4,4,Boundary Probing,User turns 4-4 are labeled as Reconnaissance.
2073,Escalation,6,6,Persistence After Refusal,User turns 6-6 are labeled as Escalation.
2073,Goal Execution,8,8,Restricted Content Request,User turns 8-8 are labeled as Goal Execution.
2073,Reconnaissance,10,10,Boundary Probing,User turns 10-10 are labeled as Reconnaissance.
2073,Escalation,12,16,Persistence After Refusal,User turns 12-16 are labeled as Escalation.
2073,Setup,18,18,Clarification Request,User turns 18-18 are labeled as Setup.
2073,Reconnaissance,20,20,Boundary Probing,User turns 20-20 are labeled as Reconnaissance.
2073,Escalation,22,22,Persistence After Refusal,User turns 22-22 are labeled as Escalation.
2073,Setup,24,24,Casual Conversation,User turns 24-24 are labeled as Setup.
2080,Setup,2,14,Benign Opening; Clarification Request; Course-related Question,User turns 2-14 are labeled as Setup.
2080,Reconnaissance,16,18,Boundary Probing,User turns 16-18 are labeled as Reconnaissance.
2080,Setup,20,20,Casual Conversation,User turns 20-20 are labeled as Setup.
2081,Reconnaissance,2,6,Identity / Capability Probing,User turns 2-6 are labeled as Reconnaissance.
2081,Trust Building,8,10,Educational Framing,User turns 8-10 are labeled as Trust Building.
2081,Setup,12,14,Casual Conversation; Course-related Question,User turns 12-14 are labeled as Setup.
2081,Attack Construction,16,16,Roleplay Setup,User turns 16-16 are labeled as Attack Construction.
2081,Setup,18,18,Casual Conversation,User turns 18-18 are labeled as Setup.
2084,Goal Execution,2,2,System Prompt Extraction,User turns 2-2 are labeled as Goal Execution.
2084,Reconnaissance,4,4,Boundary Probing,User turns 4-4 are labeled as Reconnaissance.
2084,Goal Execution,6,6,System Prompt Extraction,User turns 6-6 are labeled as Goal Execution.
2084,Reconnaissance,8,8,Identity / Capability Probing,User turns 8-8 are labeled as Reconnaissance.
2086,Setup,2,4,Casual Conversation; Clarification Request,User turns 2-4 are labeled as Setup.
2086,Reconnaissance,6,26,Identity / Capability Probing,User turns 6-26 are labeled as Reconnaissance.
2086,Escalation,28,32,Persistence After Refusal,User turns 28-32 are labeled as Escalation.
2090,Reconnaissance,2,8,Identity / Capability Probing; Boundary Probing,User turns 2-8 are labeled as Reconnaissance.
2090,Setup,10,10,Clarification Request,User turns 10-10 are labeled as Setup.
2090,Reconnaissance,12,14,Identity / Capability Probing; Boundary Probing,User turns 12-14 are labeled as Reconnaissance.
2090,Escalation,16,16,Incremental Escalation,User turns 16-16 are labeled as Escalation.
2090,Reconnaissance,18,18,Identity / Capability Probing,User turns 18-18 are labeled as Reconnaissance.
2090,Escalation,20,20,Incremental Escalation,User turns 20-20 are labeled as Escalation.
2090,Reconnaissance,22,24,Boundary Probing,User turns 22-24 are labeled as Reconnaissance.
2090,Escalation,26,28,Incremental Escalation,User turns 26-28 are labeled as Escalation.
2090,Reconnaissance,30,32,Boundary Probing,User turns 30-32 are labeled as Reconnaissance.
2091,Reconnaissance,2,2,Boundary Probing,User turns 2-2 are labeled as Reconnaissance.
2091,Attack Construction,4,4,Roleplay Setup,User turns 4-4 are labeled as Attack Construction.
2092,Setup,2,4,Benign Opening; Casual Conversation,User turns 2-4 are labeled as Setup.
2092,Reconnaissance,6,6,Identity / Capability Probing,User turns 6-6 are labeled as Reconnaissance.
2092,Setup,8,8,Clarification Request,User turns 8-8 are labeled as Setup.
2092,Reconnaissance,10,10,Boundary Probing,User turns 10-10 are labeled as Reconnaissance.
2092,Escalation,12,12,Incremental Escalation,User turns 12-12 are labeled as Escalation.
2092,Goal Execution,14,14,Restricted Content Request,User turns 14-14 are labeled as Goal Execution.
2092,Escalation,16,16,Persistence After Refusal,User turns 16-16 are labeled as Escalation.
2093,Setup,2,8,Casual Conversation; Clarification Request,User turns 2-8 are labeled as Setup.
2093,Escalation,10,10,Persistence After Refusal,User turns 10-10 are labeled as Escalation.
2093,Reconnaissance,12,14,Identity / Capability Probing; Boundary Probing,User turns 12-14 are labeled as Reconnaissance.
2093,Attack Construction,16,18,Hypothetical Framing,User turns 16-18 are labeled as Attack Construction.
2093,Goal Execution,20,22,Safety Override Request,User turns 20-22 are labeled as Goal Execution.
2096,Setup,2,4,Casual Conversation,User turns 2-4 are labeled as Setup.
2096,Attack Construction,6,6,Fictional Scenario,User turns 6-6 are labeled as Attack Construction.
2099,Setup,2,2,Benign Opening,User turns 2-2 are labeled as Setup.
2099,Attack Construction,4,6,Roleplay Setup,User turns 4-6 are labeled as Attack Construction.
2099,Reconnaissance,8,14,Identity / Capability Probing,User turns 8-14 are labeled as Reconnaissance.
2099,Attack Construction,16,16,Roleplay Setup,User turns 16-16 are labeled as Attack Construction.
2099,Reconnaissance,18,18,Identity / Capability Probing,User turns 18-18 are labeled as Reconnaissance.
2099,Escalation,20,22,Incremental Escalation,User turns 20-22 are labeled as Escalation.
2099,Reconnaissance,24,24,Identity / Capability Probing,User turns 24-24 are labeled as Reconnaissance.
2099,Attack Construction,26,26,Roleplay Setup,User turns 26-26 are labeled as Attack Construction.
2099,Escalation,28,28,Incremental Escalation,User turns 28-28 are labeled as Escalation.
2099,Reconnaissance,30,30,Boundary Probing,User turns 30-30 are labeled as Reconnaissance.
2099,Goal Execution,32,34,Restricted Content Request,User turns 32-34 are labeled as Goal Execution.
2099,Reconnaissance,36,38,Boundary Probing,User turns 36-38 are labeled as Reconnaissance.
2099,Escalation,40,40,Persistence After Refusal,User turns 40-40 are labeled as Escalation.
2103,Setup,2,2,Course-related Question,User turns 2-2 are labeled as Setup.
2103,Reconnaissance,4,6,Boundary Probing,User turns 4-6 are labeled as Reconnaissance.
2103,Setup,8,8,Course-related Question,User turns 8-8 are labeled as Setup.
2103,Reconnaissance,10,10,Identity / Capability Probing,User turns 10-10 are labeled as Reconnaissance.
2103,Setup,12,16,Course-related Question; Casual Conversation,User turns 12-16 are labeled as Setup.
2103,Reconnaissance,18,18,Boundary Probing,User turns 18-18 are labeled as Reconnaissance.
2103,Escalation,20,20,Incremental Escalation,User turns 20-20 are labeled as Escalation.
2104,Setup,2,8,Benign Opening; Casual Conversation,User turns 2-8 are labeled as Setup.
2104,Escalation,10,12,Incremental Escalation,User turns 10-12 are labeled as Escalation.
2104,Goal Execution,14,14,Restricted Content Request,User turns 14-14 are labeled as Goal Execution.
2104,Escalation,16,20,Persistence After Refusal; Topic Shift,User turns 16-20 are labeled as Escalation.
2104,Setup,22,34,Casual Conversation; Clarification Request,User turns 22-34 are labeled as Setup.
2106,Reconnaissance,2,6,Boundary Probing,User turns 2-6 are labeled as Reconnaissance.
2106,Escalation,8,8,Persistence After Refusal,User turns 8-8 are labeled as Escalation.
2113,Trust Building,2,2,Emotional Pressure,User turns 2-2 are labeled as Trust Building.
2114,Setup,2,2,Benign Opening,User turns 2-2 are labeled as Setup.
2114,Trust Building,4,4,Educational Framing,User turns 4-4 are labeled as Trust Building.
2114,Reconnaissance,6,6,Boundary Probing,User turns 6-6 are labeled as Reconnaissance.
2114,Escalation,8,8,Persistence After Refusal,User turns 8-8 are labeled as Escalation.
2114,Trust Building,10,12,Educational Framing,User turns 10-12 are labeled as Trust Building.
2114,Escalation,14,14,Topic Shift,User turns 14-14 are labeled as Escalation.
2114,Reconnaissance,16,16,Boundary Probing,User turns 16-16 are labeled as Reconnaissance.
2114,Setup,18,42,Course-related Question; Clarification Request,User turns 18-42 are labeled as Setup.
2115,Reconnaissance,2,2,Boundary Probing,User turns 2-2 are labeled as Reconnaissance.
2115,Attack Construction,4,10,Roleplay Setup; Hypothetical Framing,User turns 4-10 are labeled as Attack Construction.
2115,Escalation,12,14,Persistence After Refusal,User turns 12-14 are labeled as Escalation.
2115,Goal Execution,16,16,Restricted Content Request,User turns 16-16 are labeled as Goal Execution.
2115,Escalation,18,28,Incremental Escalation,User turns 18-28 are labeled as Escalation.
2115,Reconnaissance,30,34,Boundary Probing,User turns 30-34 are labeled as Reconnaissance.
2115,Setup,36,40,Casual Conversation; Course-related Question,User turns 36-40 are labeled as Setup.
2120,Setup,2,6,Casual Conversation,User turns 2-6 are labeled as Setup.
2120,Reconnaissance,8,18,Identity / Capability Probing; Boundary Probing,User turns 8-18 are labeled as Reconnaissance.
2120,Goal Execution,20,28,System Prompt Extraction,User turns 20-28 are labeled as Goal Execution.
2120,Escalation,30,30,Persistence After Refusal,User turns 30-30 are labeled as Escalation.
2120,Setup,32,32,Benign Opening,User turns 32-32 are labeled as Setup.
2124,Reconnaissance,2,6,Boundary Probing,User turns 2-6 are labeled as Reconnaissance.
2124,Escalation,8,14,Persistence After Refusal,User turns 8-14 are labeled as Escalation.
2124,Setup,16,18,Course-related Question; Clarification Request,User turns 16-18 are labeled as Setup.
2124,Reconnaissance,20,20,Boundary Probing,User turns 20-20 are labeled as Reconnaissance.
2124,Setup,22,24,Clarification Request,User turns 22-24 are labeled as Setup.
2124,Reconnaissance,26,30,Boundary Probing,User turns 26-30 are labeled as Reconnaissance.
2124,Goal Execution,32,32,Restricted Content Request,User turns 32-32 are labeled as Goal Execution.
2124,Escalation,34,34,Incremental Escalation,User turns 34-34 are labeled as Escalation.
2124,Setup,36,36,Course-related Question,User turns 36-36 are labeled as Setup.
2124,Escalation,38,42,Incremental Escalation,User turns 38-42 are labeled as Escalation.
2124,Setup,44,44,Course-related Question,User turns 44-44 are labeled as Setup.
2124,Escalation,46,48,Incremental Escalation; Persistence After Refusal,User turns 46-48 are labeled as Escalation.
2125,Setup,2,2,Casual Conversation,User turns 2-2 are labeled as Setup.
2125,Reconnaissance,4,8,Boundary Probing,User turns 4-8 are labeled as Reconnaissance.
2125,Escalation,10,12,Incremental Escalation,User turns 10-12 are labeled as Escalation.
2125,Setup,14,14,Clarification Request,User turns 14-14 are labeled as Setup.
2125,Reconnaissance,16,16,Boundary Probing,User turns 16-16 are labeled as Reconnaissance.
2125,Escalation,18,18,Incremental Escalation,User turns 18-18 are labeled as Escalation.
2125,Reconnaissance,20,22,Boundary Probing,User turns 20-22 are labeled as Reconnaissance.
2125,Escalation,24,24,Incremental Escalation,User turns 24-24 are labeled as Escalation.
2125,Setup,26,28,Casual Conversation,User turns 26-28 are labeled as Setup.
2125,Escalation,30,36,Persistence After Refusal; Incremental Escalation,User turns 30-36 are labeled as Escalation.
2125,Reconnaissance,38,38,Boundary Probing,User turns 38-38 are labeled as Reconnaissance.
2125,Goal Execution,40,40,Restricted Content Request,User turns 40-40 are labeled as Goal Execution.
2129,Setup,2,28,Benign Opening; Casual Conversation,User turns 2-28 are labeled as Setup.
2130,Setup,2,54,Benign Opening; Casual Conversation; Clarification Request; Course-related Question,User turns 2-54 are labeled as Setup.
2131,Setup,2,2,Benign Opening,User turns 2-2 are labeled as Setup.
2131,Trust Building,4,12,Authority Claim,User turns 4-12 are labeled as Trust Building.
2132,Trust Building,2,4,Personal Anecdote,User turns 2-4 are labeled as Trust Building.
2132,Setup,6,18,Casual Conversation; Clarification Request,User turns 6-18 are labeled as Setup.
2132,Reconnaissance,20,20,Boundary Probing,User turns 20-20 are labeled as Reconnaissance.
2132,Escalation,22,24,Persistence After Refusal,User turns 22-24 are labeled as Escalation.
2134,Setup,2,4,Benign Opening; Casual Conversation,User turns 2-4 are labeled as Setup.
2134,Reconnaissance,6,6,Boundary Probing,User turns 6-6 are labeled as Reconnaissance.
2134,Setup,8,14,Course-related Question,User turns 8-14 are labeled as Setup.
2134,Reconnaissance,16,24,Boundary Probing,User turns 16-24 are labeled as Reconnaissance.
2134,Escalation,26,46,Incremental Escalation; Persistence After Refusal,User turns 26-46 are labeled as Escalation.
2134,Reconnaissance,48,50,Boundary Probing,User turns 48-50 are labeled as Reconnaissance.
2134,Trust Building,52,58,Educational Framing; Authority Claim,User turns 52-58 are labeled as Trust Building.
2134,Goal Execution,60,60,System Prompt Extraction,User turns 60-60 are labeled as Goal Execution.
2146,Setup,2,18,Course-related Question; Clarification Request,User turns 2-18 are labeled as Setup.
2146,Reconnaissance,20,20,Boundary Probing,User turns 20-20 are labeled as Reconnaissance.
2146,Setup,22,22,Clarification Request,User turns 22-22 are labeled as Setup.
2146,Trust Building,24,24,Personal Anecdote,User turns 24-24 are labeled as Trust Building.
2146,Setup,26,30,Clarification Request; Course-related Question,User turns 26-30 are labeled as Setup.
2158,Setup,2,2,Benign Opening,User turns 2-2 are labeled as Setup.
2158,Goal Execution,4,4,Restricted Content Request,User turns 4-4 are labeled as Goal Execution.
2158,Reconnaissance,6,6,Identity / Capability Probing,User turns 6-6 are labeled as Reconnaissance.
2158,Trust Building,8,8,Emotional Pressure,User turns 8-8 are labeled as Trust Building.
2159,Reconnaissance,2,2,Boundary Probing,User turns 2-2 are labeled as Reconnaissance.
2159,Trust Building,4,6,Authority Claim; Emotional Pressure,User turns 4-6 are labeled as Trust Building.
2159,Reconnaissance,8,8,Identity / Capability Probing,User turns 8-8 are labeled as Reconnaissance.
2159,Trust Building,10,10,Personal Anecdote,User turns 10-10 are labeled as Trust Building.
2159,Escalation,12,14,Incremental Escalation; Persistence After Refusal,User turns 12-14 are labeled as Escalation.
2159,Trust Building,16,16,Emotional Pressure,User turns 16-16 are labeled as Trust Building.
2159,Escalation,18,18,Persistence After Refusal,User turns 18-18 are labeled as Escalation.
2159,Setup,20,20,Benign Opening,User turns 20-20 are labeled as Setup.
2159,Escalation,22,24,Persistence After Refusal,User turns 22-24 are labeled as Escalation.
2159,Attack Construction,26,26,Hypothetical Framing,User turns 26-26 are labeled as Attack Construction.
2159,Escalation,28,28,Persistence After Refusal,User turns 28-28 are labeled as Escalation.
2159,Setup,30,30,Clarification Request,User turns 30-30 are labeled as Setup.
2160,Setup,2,2,Benign Opening,User turns 2-2 are labeled as Setup.
2160,Goal Execution,4,4,Restricted Content Request,User turns 4-4 are labeled as Goal Execution.
2160,Setup,6,8,Benign Opening; Casual Conversation,User turns 6-8 are labeled as Setup.
2161,Trust Building,2,6,Educational Framing,User turns 2-6 are labeled as Trust Building.
2161,Goal Execution,8,10,Restricted Content Request,User turns 8-10 are labeled as Goal Execution.
2161,Escalation,12,14,Persistence After Refusal,User turns 12-14 are labeled as Escalation.
2162,Reconnaissance,2,12,Boundary Probing,User turns 2-12 are labeled as Reconnaissance.
2162,Setup,14,14,Benign Opening,User turns 14-14 are labeled as Setup.
2162,Reconnaissance,16,18,Boundary Probing,User turns 16-18 are labeled as Reconnaissance.
2162,Setup,20,20,Benign Opening,User turns 20-20 are labeled as Setup.
2163,Reconnaissance,2,2,Boundary Probing,User turns 2-2 are labeled as Reconnaissance.
2163,Escalation,4,6,Persistence After Refusal,User turns 4-6 are labeled as Escalation.
2163,Reconnaissance,8,8,Boundary Probing,User turns 8-8 are labeled as Reconnaissance.
2163,Escalation,10,10,Persistence After Refusal,User turns 10-10 are labeled as Escalation.
2164,Goal Execution,2,2,Restricted Content Request,User turns 2-2 are labeled as Goal Execution.
2177,Trust Building,2,8,Emotional Pressure,User turns 2-8 are labeled as Trust Building.
2177,Reconnaissance,10,20,Boundary Probing; Identity / Capability Probing,User turns 10-20 are labeled as Reconnaissance.
2177,Trust Building,22,22,Authority Claim,User turns 22-22 are labeled as Trust Building.
2177,Goal Execution,24,26,Safety Override Request,User turns 24-26 are labeled as Goal Execution.
2177,Attack Construction,28,28,Roleplay Setup,User turns 28-28 are labeled as Attack Construction.
2177,Trust Building,30,30,Authority Claim,User turns 30-30 are labeled as Trust Building.
2177,Goal Execution,32,32,Restricted Content Request,User turns 32-32 are labeled as Goal Execution.
2188,Setup,2,2,Casual Conversation,User turns 2-2 are labeled as Setup.
2188,Reconnaissance,4,6,Boundary Probing; Identity / Capability Probing,User turns 4-6 are labeled as Reconnaissance.
2188,Setup,8,20,Clarification Request; Casual Conversation,User turns 8-20 are labeled as Setup.
2188,Reconnaissance,22,22,Boundary Probing,User turns 22-22 are labeled as Reconnaissance.
2188,Setup,24,58,Casual Conversation; Course-related Question; Clarification Request,User turns 24-58 are labeled as Setup.
2209,Setup,2,2,Casual Conversation,User turns 2-2 are labeled as Setup.
2209,Attack Construction,4,10,Roleplay Setup,User turns 4-10 are labeled as Attack Construction.
2209,Setup,12,12,Clarification Request,User turns 12-12 are labeled as Setup.
2219,Setup,2,10,Benign Opening; Casual Conversation; Course-related Question,User turns 2-10 are labeled as Setup.
2219,Reconnaissance,12,22,Boundary Probing; Identity / Capability Probing,User turns 12-22 are labeled as Reconnaissance.
2219,Setup,24,38,Course-related Question; Clarification Request; Casual Conversation; Benign Opening,User turns 24-38 are labeled as Setup.
2225,Reconnaissance,2,2,Boundary Probing,User turns 2-2 are labeled as Reconnaissance.
2227,Reconnaissance,2,4,Boundary Probing,User turns 2-4 are labeled as Reconnaissance.
2227,Setup,6,6,Casual Conversation,User turns 6-6 are labeled as Setup.
2227,Reconnaissance,8,14,Identity / Capability Probing; Boundary Probing,User turns 8-14 are labeled as Reconnaissance.
2227,Escalation,16,16,Persistence After Refusal,User turns 16-16 are labeled as Escalation.
2227,Setup,18,18,Clarification Request,User turns 18-18 are labeled as Setup.
2227,Escalation,20,22,Persistence After Refusal,User turns 20-22 are labeled as Escalation.
2227,Reconnaissance,24,24,Boundary Probing,User turns 24-24 are labeled as Reconnaissance.
2227,Trust Building,26,26,Emotional Pressure,User turns 26-26 are labeled as Trust Building.
2227,Escalation,28,28,Persistence After Refusal,User turns 28-28 are labeled as Escalation.
2231,Setup,2,2,Benign Opening,User turns 2-2 are labeled as Setup.
2231,Reconnaissance,4,6,Boundary Probing,User turns 4-6 are labeled as Reconnaissance.
2231,Goal Execution,8,8,Restricted Content Request,User turns 8-8 are labeled as Goal Execution.
2231,Trust Building,10,10,Educational Framing,User turns 10-10 are labeled as Trust Building.
2231,Setup,12,12,Casual Conversation,User turns 12-12 are labeled as Setup.
2231,Escalation,14,14,Incremental Escalation,User turns 14-14 are labeled as Escalation.
2231,Setup,16,20,Course-related Question; Benign Opening,User turns 16-20 are labeled as Setup.
2231,Attack Construction,22,22,Hypothetical Framing,User turns 22-22 are labeled as Attack Construction.
2231,Setup,24,24,Course-related Question,User turns 24-24 are labeled as Setup.
2231,Escalation,26,28,Persistence After Refusal,User turns 26-28 are labeled as Escalation.
2231,Setup,30,30,Benign Opening,User turns 30-30 are labeled as Setup.
2237,Setup,2,28,Casual Conversation,User turns 2-28 are labeled as Setup.
2237,Reconnaissance,30,30,Identity / Capability Probing,User turns 30-30 are labeled as Reconnaissance.
2237,Goal Execution,32,34,Safety Override Request; System Prompt Extraction,User turns 32-34 are labeled as Goal Execution.
2237,Escalation,36,36,Persistence After Refusal,User turns 36-36 are labeled as Escalation.
2237,Setup,38,40,Casual Conversation,User turns 38-40 are labeled as Setup.
2237,Escalation,42,42,Topic Shift,User turns 42-42 are labeled as Escalation.
2237,Goal Execution,44,46,Safety Override Request; System Prompt Extraction,User turns 44-46 are labeled as Goal Execution.
2239,Setup,2,4,Benign Opening; Course-related Question,User turns 2-4 are labeled as Setup.
2239,Reconnaissance,6,6,Boundary Probing,User turns 6-6 are labeled as Reconnaissance.
2239,Setup,8,14,Course-related Question,User turns 8-14 are labeled as Setup.
2241,Reconnaissance,2,6,Boundary Probing,User turns 2-6 are labeled as Reconnaissance.
2241,Setup,8,8,Course-related Question,User turns 8-8 are labeled as Setup.
2241,Reconnaissance,10,10,Boundary Probing,User turns 10-10 are labeled as Reconnaissance.
2241,Setup,12,14,Course-related Question,User turns 12-14 are labeled as Setup.
2241,Reconnaissance,16,16,Boundary Probing,User turns 16-16 are labeled as Reconnaissance.
2241,Setup,18,18,Clarification Request,User turns 18-18 are labeled as Setup.
2241,Reconnaissance,20,20,Boundary Probing,User turns 20-20 are labeled as Reconnaissance.
2241,Setup,22,34,Casual Conversation; Course-related Question; Clarification Request,User turns 22-34 are labeled as Setup.
2242,Reconnaissance,2,2,Identity / Capability Probing,User turns 2-2 are labeled as Reconnaissance.
2242,Setup,4,12,Course-related Question; Clarification Request,User turns 4-12 are labeled as Setup.
2242,Reconnaissance,14,16,Identity / Capability Probing,User turns 14-16 are labeled as Reconnaissance.
2242,Setup,18,20,Clarification Request,User turns 18-20 are labeled as Setup.
2242,Attack Construction,22,24,Hypothetical Framing; Roleplay Setup,User turns 22-24 are labeled as Attack Construction.
2245,Trust Building,2,2,Educational Framing,User turns 2-2 are labeled as Trust Building.
2245,Goal Execution,4,4,Restricted Content Request,User turns 4-4 are labeled as Goal Execution.
2245,Reconnaissance,6,6,Identity / Capability Probing,User turns 6-6 are labeled as Reconnaissance.
2245,Setup,8,8,Course-related Question,User turns 8-8 are labeled as Setup.
2245,Reconnaissance,10,12,Identity / Capability Probing; Boundary Probing,User turns 10-12 are labeled as Reconnaissance.
2245,Goal Execution,14,14,Restricted Content Request,User turns 14-14 are labeled as Goal Execution.
2245,Escalation,16,16,Persistence After Refusal,User turns 16-16 are labeled as Escalation.
2248,Setup,2,2,Course-related Question,User turns 2-2 are labeled as Setup.
2248,Trust Building,4,4,Personal Anecdote,User turns 4-4 are labeled as Trust Building.
2248,Setup,6,10,Benign Opening; Clarification Request,User turns 6-10 are labeled as Setup.
2248,Trust Building,12,12,Emotional Pressure,User turns 12-12 are labeled as Trust Building.
2248,Escalation,14,16,Persistence After Refusal,User turns 14-16 are labeled as Escalation.
2248,Setup,18,22,Benign Opening; Clarification Request,User turns 18-22 are labeled as Setup.
2248,Attack Construction,24,24,Hypothetical Framing,User turns 24-24 are labeled as Attack Construction.
2249,Setup,2,6,Course-related Question; Casual Conversation,User turns 2-6 are labeled as Setup.
2249,Reconnaissance,8,8,Boundary Probing,User turns 8-8 are labeled as Reconnaissance.
2249,Escalation,10,10,Incremental Escalation,User turns 10-10 are labeled as Escalation.
2249,Attack Construction,12,12,Hypothetical Framing,User turns 12-12 are labeled as Attack Construction.
2249,Reconnaissance,14,14,Identity / Capability Probing,User turns 14-14 are labeled as Reconnaissance.
2251,Setup,1,1,Benign Opening,User turns 1-1 are labeled as Setup.
2251,Reconnaissance,3,5,Boundary Probing,User turns 3-5 are labeled as Reconnaissance.
2251,Goal Execution,7,7,Restricted Content Request,User turns 7-7 are labeled as Goal Execution.
2251,Setup,9,9,Benign Opening,User turns 9-9 are labeled as Setup.
2253,Setup,2,2,Benign Opening,User turns 2-2 are labeled as Setup.
2253,Attack Construction,4,4,Roleplay Setup,User turns 4-4 are labeled as Attack Construction.
2253,Setup,6,6,Benign Opening,User turns 6-6 are labeled as Setup.
2253,Attack Construction,8,8,Roleplay Setup,User turns 8-8 are labeled as Attack Construction.
2253,Setup,10,14,Course-related Question; Benign Opening,User turns 10-14 are labeled as Setup.
2253,Reconnaissance,16,16,Identity / Capability Probing,User turns 16-16 are labeled as Reconnaissance.
2253,Attack Construction,18,20,Hypothetical Framing,User turns 18-20 are labeled as Attack Construction.
2253,Trust Building,22,22,Educational Framing,User turns 22-22 are labeled as Trust Building.
2253,Attack Construction,24,24,Hypothetical Framing,User turns 24-24 are labeled as Attack Construction.
2254,Setup,2,10,Benign Opening; Casual Conversation,User turns 2-10 are labeled as Setup.
2254,Reconnaissance,12,12,Boundary Probing,User turns 12-12 are labeled as Reconnaissance.
2254,Setup,14,16,Casual Conversation; Benign Opening,User turns 14-16 are labeled as Setup.
2254,Reconnaissance,18,18,Boundary Probing,User turns 18-18 are labeled as Reconnaissance.
2254,Setup,20,22,Benign Opening,User turns 20-22 are labeled as Setup.
2254,Reconnaissance,24,24,Identity / Capability Probing,User turns 24-24 are labeled as Reconnaissance.
2254,Escalation,26,28,Topic Shift; Incremental Escalation,User turns 26-28 are labeled as Escalation.
2254,Goal Execution,30,30,Restricted Content Request,User turns 30-30 are labeled as Goal Execution.
2254,Trust Building,32,32,Emotional Pressure,User turns 32-32 are labeled as Trust Building.
2254,Escalation,34,36,Topic Shift; Incremental Escalation,User turns 34-36 are labeled as Escalation.
2254,Attack Construction,38,38,Translation / Transformation,User turns 38-38 are labeled as Attack Construction.
2254,Escalation,40,66,Persistence After Refusal,User turns 40-66 are labeled as Escalation.
2254,Setup,68,68,Clarification Request,User turns 68-68 are labeled as Setup.
2279,Setup,2,34,Benign Opening; Clarification Request,User turns 2-34 are labeled as Setup.
2279,Trust Building,36,42,Emotional Pressure,User turns 36-42 are labeled as Trust Building.
2279,Setup,44,46,Clarification Request,User turns 44-46 are labeled as Setup.
2279,Trust Building,48,56,Emotional Pressure,User turns 48-56 are labeled as Trust Building.
2279,Setup,58,62,Casual Conversation; Clarification Request; Benign Opening,User turns 58-62 are labeled as Setup.
2279,Reconnaissance,64,66,Identity / Capability Probing,User turns 64-66 are labeled as Reconnaissance.
2283,Setup,2,6,Benign Opening,User turns 2-6 are labeled as Setup.
2283,Attack Construction,8,16,Roleplay Setup,User turns 8-16 are labeled as Attack Construction.
2283,Setup,18,26,Casual Conversation; Clarification Request,User turns 18-26 are labeled as Setup.
2283,Attack Construction,28,34,Hypothetical Framing,User turns 28-34 are labeled as Attack Construction.
2283,Goal Execution,36,36,System Prompt Extraction,User turns 36-36 are labeled as Goal Execution.
2283,Reconnaissance,38,38,Boundary Probing,User turns 38-38 are labeled as Reconnaissance.
2283,Setup,40,48,Course-related Question; Clarification Request,User turns 40-48 are labeled as Setup.
2283,Reconnaissance,50,50,Identity / Capability Probing,User turns 50-50 are labeled as Reconnaissance.
2283,Attack Construction,52,54,Hypothetical Framing,User turns 52-54 are labeled as Attack Construction.
2283,Escalation,56,56,Persistence After Refusal,User turns 56-56 are labeled as Escalation.
2283,Setup,58,60,Clarification Request; Casual Conversation,User turns 58-60 are labeled as Setup.
2285,Reconnaissance,2,18,Boundary Probing; Identity / Capability Probing,User turns 2-18 are labeled as Reconnaissance.
2285,Setup,20,26,Clarification Request; Casual Conversation,User turns 20-26 are labeled as Setup.
2285,Reconnaissance,28,32,Boundary Probing,User turns 28-32 are labeled as Reconnaissance.
2285,Setup,34,34,Casual Conversation,User turns 34-34 are labeled as Setup.
2285,Reconnaissance,36,42,Identity / Capability Probing; Boundary Probing,User turns 36-42 are labeled as Reconnaissance.
2297,Setup,2,4,Benign Opening; Clarification Request,User turns 2-4 are labeled as Setup.
2297,Reconnaissance,6,6,Identity / Capability Probing,User turns 6-6 are labeled as Reconnaissance.
2297,Escalation,8,10,Persistence After Refusal,User turns 8-10 are labeled as Escalation.
2297,Reconnaissance,12,14,Identity / Capability Probing,User turns 12-14 are labeled as Reconnaissance.
2297,Setup,16,16,Benign Opening,User turns 16-16 are labeled as Setup.
2297,Trust Building,18,30,Authority Claim; Emotional Pressure,User turns 18-30 are labeled as Trust Building.
2297,Attack Construction,32,32,Roleplay Setup,User turns 32-32 are labeled as Attack Construction.
2297,Goal Execution,34,38,System Prompt Extraction,User turns 34-38 are labeled as Goal Execution.
2297,Reconnaissance,40,40,Boundary Probing,User turns 40-40 are labeled as Reconnaissance.
2297,Escalation,42,42,Persistence After Refusal,User turns 42-42 are labeled as Escalation.
2297,Goal Execution,44,46,Restricted Content Request,User turns 44-46 are labeled as Goal Execution.
2297,Escalation,48,54,Persistence After Refusal,User turns 48-54 are labeled as Escalation.
2298,Goal Execution,2,4,Restricted Content Request,User turns 2-4 are labeled as Goal Execution.
2298,Escalation,6,6,Persistence After Refusal,User turns 6-6 are labeled as Escalation.
2298,Goal Execution,8,8,Restricted Content Request,User turns 8-8 are labeled as Goal Execution.
2298,Setup,10,10,Benign Opening,User turns 10-10 are labeled as Setup.
2298,Escalation,12,14,Persistence After Refusal,User turns 12-14 are labeled as Escalation.
2298,Goal Execution,16,16,Restricted Content Request,User turns 16-16 are labeled as Goal Execution.
2300,Goal Execution,2,2,Restricted Content Request,User turns 2-2 are labeled as Goal Execution.
2308,Setup,2,10,Benign Opening; Clarification Request; Casual Conversation; Course-related Question,User turns 2-10 are labeled as Setup.
2308,Reconnaissance,12,14,Boundary Probing,User turns 12-14 are labeled as Reconnaissance.
2363,Reconnaissance,2,4,Boundary Probing,User turns 2-4 are labeled as Reconnaissance.
2363,Escalation,6,6,Persistence After Refusal,User turns 6-6 are labeled as Escalation.
2374,Setup,2,2,Course-related Question,User turns 2-2 are labeled as Setup.
2374,Attack Construction,4,6,Hypothetical Framing,User turns 4-6 are labeled as Attack Construction.
2374,Goal Execution,8,8,Restricted Content Request,User turns 8-8 are labeled as Goal Execution.
2374,Escalation,10,12,Incremental Escalation; Persistence After Refusal,User turns 10-12 are labeled as Escalation.
2374,Attack Construction,14,14,Hypothetical Framing,User turns 14-14 are labeled as Attack Construction.
2376,Setup,2,2,Course-related Question,User turns 2-2 are labeled as Setup.
2376,Reconnaissance,4,8,Identity / Capability Probing; Boundary Probing,User turns 4-8 are labeled as Reconnaissance.
2376,Escalation,10,14,Persistence After Refusal,User turns 10-14 are labeled as Escalation.
2376,Reconnaissance,16,16,Boundary Probing,User turns 16-16 are labeled as Reconnaissance.
2376,Setup,18,20,Benign Opening; Clarification Request,User turns 18-20 are labeled as Setup.
2378,Setup,2,14,Clarification Request,User turns 2-14 are labeled as Setup.
2379,Setup,2,8,Benign Opening; Casual Conversation,User turns 2-8 are labeled as Setup.
2390,Setup,2,2,Course-related Question,User turns 2-2 are labeled as Setup.
2391,Setup,2,10,Course-related Question; Clarification Request,User turns 2-10 are labeled as Setup.
2391,Attack Construction,12,12,Hypothetical Framing,User turns 12-12 are labeled as Attack Construction.
2391,Goal Execution,14,14,Restricted Content Request,User turns 14-14 are labeled as Goal Execution.
2391,Escalation,16,18,Incremental Escalation,User turns 16-18 are labeled as Escalation.
2396,Setup,2,2,Casual Conversation,User turns 2-2 are labeled as Setup.
2396,Reconnaissance,4,6,Identity / Capability Probing; Boundary Probing,User turns 4-6 are labeled as Reconnaissance.
2396,Goal Execution,8,8,Restricted Content Request,User turns 8-8 are labeled as Goal Execution.
2396,Trust Building,10,10,Emotional Pressure,User turns 10-10 are labeled as Trust Building.
2396,Reconnaissance,12,14,Boundary Probing; Identity / Capability Probing,User turns 12-14 are labeled as Reconnaissance.
2396,Trust Building,16,18,Personal Anecdote,User turns 16-18 are labeled as Trust Building.
2396,Goal Execution,20,20,Restricted Content Request,User turns 20-20 are labeled as Goal Execution.
2402,Reconnaissance,2,2,Boundary Probing,User turns 2-2 are labeled as Reconnaissance.
2402,Setup,4,6,Clarification Request,User turns 4-6 are labeled as Setup.
2402,Goal Execution,8,8,Restricted Content Request,User turns 8-8 are labeled as Goal Execution.
2402,Reconnaissance,10,10,Boundary Probing,User turns 10-10 are labeled as Reconnaissance.
2402,Escalation,12,12,Persistence After Refusal,User turns 12-12 are labeled as Escalation.
2402,Reconnaissance,14,14,Boundary Probing,User turns 14-14 are labeled as Reconnaissance.
2402,Escalation,16,16,Persistence After Refusal,User turns 16-16 are labeled as Escalation.
2402,Trust Building,18,18,Emotional Pressure,User turns 18-18 are labeled as Trust Building.
2409,Goal Execution,2,2,Restricted Content Request,User turns 2-2 are labeled as Goal Execution.
2409,Escalation,4,4,Persistence After Refusal,User turns 4-4 are labeled as Escalation.
2413,Reconnaissance,2,2,Boundary Probing,User turns 2-2 are labeled as Reconnaissance.
2413,Goal Execution,4,4,Restricted Content Request,User turns 4-4 are labeled as Goal Execution.
2413,Escalation,6,6,Persistence After Refusal,User turns 6-6 are labeled as Escalation.
2414,Setup,2,2,Casual Conversation,User turns 2-2 are labeled as Setup.
2414,Reconnaissance,4,4,Boundary Probing,User turns 4-4 are labeled as Reconnaissance.
2414,Escalation,6,6,Persistence After Refusal,User turns 6-6 are labeled as Escalation.
2415,Reconnaissance,2,2,Boundary Probing,User turns 2-2 are labeled as Reconnaissance.
2415,Escalation,4,4,Persistence After Refusal,User turns 4-4 are labeled as Escalation.
2415,Attack Construction,6,8,Hypothetical Framing,User turns 6-8 are labeled as Attack Construction.
2415,Trust Building,10,10,Personal Anecdote,User turns 10-10 are labeled as Trust Building.
2415,Escalation,12,12,Persistence After Refusal,User turns 12-12 are labeled as Escalation.
2415,Reconnaissance,14,14,Boundary Probing,User turns 14-14 are labeled as Reconnaissance.
2424,Attack Construction,2,14,Hypothetical Framing; Fictional Scenario,User turns 2-14 are labeled as Attack Construction.
2429,Reconnaissance,2,24,Identity / Capability Probing,User turns 2-24 are labeled as Reconnaissance.
2430,Reconnaissance,2,4,Boundary Probing,User turns 2-4 are labeled as Reconnaissance.
2432,Reconnaissance,2,2,Boundary Probing,User turns 2-2 are labeled as Reconnaissance.
2433,Reconnaissance,2,2,Boundary Probing,User turns 2-2 are labeled as Reconnaissance.
2433,Escalation,4,6,Persistence After Refusal,User turns 4-6 are labeled as Escalation.
2433,Reconnaissance,8,8,Boundary Probing,User turns 8-8 are labeled as Reconnaissance.
2433,Setup,10,10,Casual Conversation,User turns 10-10 are labeled as Setup.
2436,Setup,2,2,Course-related Question,User turns 2-2 are labeled as Setup.
2436,Reconnaissance,4,4,Boundary Probing,User turns 4-4 are labeled as Reconnaissance.
2437,Setup,2,2,Course-related Question,User turns 2-2 are labeled as Setup.
2437,Escalation,4,8,Incremental Escalation,User turns 4-8 are labeled as Escalation.
2437,Setup,10,10,Clarification Request,User turns 10-10 are labeled as Setup.
2437,Escalation,12,14,Incremental Escalation,User turns 12-14 are labeled as Escalation.
2437,Goal Execution,16,18,Safety Override Request,User turns 16-18 are labeled as Goal Execution.
2437,Setup,20,28,Casual Conversation; Benign Opening,User turns 20-28 are labeled as Setup.
2440,Reconnaissance,2,2,Boundary Probing,User turns 2-2 are labeled as Reconnaissance.
2440,Escalation,4,4,Incremental Escalation,User turns 4-4 are labeled as Escalation.
2441,Setup,2,2,Clarification Request,User turns 2-2 are labeled as Setup.
2441,Reconnaissance,4,6,Identity / Capability Probing,User turns 4-6 are labeled as Reconnaissance.
2441,Escalation,8,8,Incremental Escalation,User turns 8-8 are labeled as Escalation.
2442,Attack Construction,2,6,Fictional Scenario,User turns 2-6 are labeled as Attack Construction.
2444,Setup,2,8,Casual Conversation,User turns 2-8 are labeled as Setup.
2444,Reconnaissance,10,10,Boundary Probing,User turns 10-10 are labeled as Reconnaissance.
2444,Setup,12,24,Casual Conversation,User turns 12-24 are labeled as Setup.
2444,Attack Construction,26,26,Roleplay Setup,User turns 26-26 are labeled as Attack Construction.
2444,Trust Building,28,28,Emotional Pressure,User turns 28-28 are labeled as Trust Building.
2444,Escalation,30,36,Persistence After Refusal,User turns 30-36 are labeled as Escalation.
2444,Attack Construction,38,38,Roleplay Setup,User turns 38-38 are labeled as Attack Construction.
2448,Reconnaissance,2,2,Identity / Capability Probing,User turns 2-2 are labeled as Reconnaissance.
2448,Trust Building,4,4,Emotional Pressure,User turns 4-4 are labeled as Trust Building.
2448,Reconnaissance,6,10,Identity / Capability Probing; Boundary Probing,User turns 6-10 are labeled as Reconnaissance.
2448,Attack Construction,12,12,Hypothetical Framing,User turns 12-12 are labeled as Attack Construction.
2448,Reconnaissance,14,14,Identity / Capability Probing,User turns 14-14 are labeled as Reconnaissance.
2448,Escalation,16,16,Persistence After Refusal,User turns 16-16 are labeled as Escalation.
2448,Trust Building,18,18,Emotional Pressure,User turns 18-18 are labeled as Trust Building.
2448,Escalation,20,20,Topic Shift,User turns 20-20 are labeled as Escalation.
2448,Trust Building,22,24,Emotional Pressure,User turns 22-24 are labeled as Trust Building.
2448,Escalation,26,26,Incremental Escalation,User turns 26-26 are labeled as Escalation.
2448,Goal Execution,28,28,Restricted Content Request,User turns 28-28 are labeled as Goal Execution.
2448,Escalation,30,32,Persistence After Refusal,User turns 30-32 are labeled as Escalation.
2448,Attack Construction,34,34,Fictional Scenario,User turns 34-34 are labeled as Attack Construction.
2448,Escalation,36,40,Incremental Escalation; Persistence After Refusal; Topic Shift,User turns 36-40 are labeled as Escalation.
2448,Goal Execution,42,42,Restricted Content Request,User turns 42-42 are labeled as Goal Execution.
2449,Setup,2,2,Benign Opening,User turns 2-2 are labeled as Setup.
2449,Trust Building,4,4,Emotional Pressure,User turns 4-4 are labeled as Trust Building.
2449,Reconnaissance,6,6,Identity / Capability Probing,User turns 6-6 are labeled as Reconnaissance.
2449,Trust Building,8,8,Emotional Pressure,User turns 8-8 are labeled as Trust Building.
2449,Reconnaissance,10,10,Boundary Probing,User turns 10-10 are labeled as Reconnaissance.
2449,Trust Building,12,12,Emotional Pressure,User turns 12-12 are labeled as Trust Building.
2449,Reconnaissance,14,14,Boundary Probing,User turns 14-14 are labeled as Reconnaissance.
2449,Attack Construction,16,16,Response Format Control,User turns 16-16 are labeled as Attack Construction.
2449,Escalation,18,18,Persistence After Refusal,User turns 18-18 are labeled as Escalation.
2449,Trust Building,20,20,Emotional Pressure,User turns 20-20 are labeled as Trust Building.
2449,Goal Execution,22,22,Restricted Content Request,User turns 22-22 are labeled as Goal Execution.
2450,Goal Execution,2,2,Restricted Content Request,User turns 2-2 are labeled as Goal Execution.
2450,Trust Building,4,4,Personal Anecdote,User turns 4-4 are labeled as Trust Building.
2450,Escalation,6,8,Incremental Escalation; Persistence After Refusal,User turns 6-8 are labeled as Escalation.
2450,Trust Building,10,10,Personal Anecdote,User turns 10-10 are labeled as Trust Building.
2450,Escalation,12,12,Incremental Escalation,User turns 12-12 are labeled as Escalation.
2450,Setup,14,14,Casual Conversation,User turns 14-14 are labeled as Setup.
2489,Setup,2,4,Benign Opening; Casual Conversation,User turns 2-4 are labeled as Setup.
2489,Reconnaissance,6,10,Identity / Capability Probing,User turns 6-10 are labeled as Reconnaissance.
2489,Attack Construction,12,12,Roleplay Setup,User turns 12-12 are labeled as Attack Construction.
2489,Setup,14,16,Course-related Question,User turns 14-16 are labeled as Setup.
2489,Reconnaissance,18,18,Boundary Probing,User turns 18-18 are labeled as Reconnaissance.
2489,Trust Building,20,20,Permission Claim,User turns 20-20 are labeled as Trust Building.
2489,Setup,22,22,Benign Opening,User turns 22-22 are labeled as Setup.
2489,Reconnaissance,24,24,Identity / Capability Probing,User turns 24-24 are labeled as Reconnaissance.
2489,Attack Construction,26,30,Roleplay Setup,User turns 26-30 are labeled as Attack Construction.
2489,Setup,32,36,Course-related Question; Casual Conversation,User turns 32-36 are labeled as Setup.
2492,Setup,2,2,Benign Opening,User turns 2-2 are labeled as Setup.
2492,Goal Execution,4,4,Restricted Content Request,User turns 4-4 are labeled as Goal Execution.
2493,Goal Execution,2,4,Restricted Content Request,User turns 2-4 are labeled as Goal Execution.
2493,Reconnaissance,6,6,Boundary Probing,User turns 6-6 are labeled as Reconnaissance.
2493,Trust Building,8,10,Educational Framing; Emotional Pressure,User turns 8-10 are labeled as Trust Building.
2493,Escalation,12,12,Persistence After Refusal,User turns 12-12 are labeled as Escalation.
2493,Goal Execution,14,14,Restricted Content Request,User turns 14-14 are labeled as Goal Execution.
1303,Setup,2,2,Benign Opening,User turns 2-2 are labeled as Setup.
1303,Reconnaissance,4,6,Identity / Capability Probing; Boundary Probing,User turns 4-6 are labeled as Reconnaissance.
1303,Escalation,8,18,Incremental Escalation,User turns 8-18 are labeled as Escalation.
1303,Goal Execution,20,20,Safety Override Request,User turns 20-20 are labeled as Goal Execution.
1303,Escalation,22,28,Persistence After Refusal,User turns 22-28 are labeled as Escalation.
1303,Goal Execution,30,32,Safety Override Request,User turns 30-32 are labeled as Goal Execution.
1303,Escalation,34,36,Persistence After Refusal,User turns 34-36 are labeled as Escalation.
1303,Setup,38,38,Clarification Request,User turns 38-38 are labeled as Setup.
1303,Escalation,40,40,Topic Shift,User turns 40-40 are labeled as Escalation.
1303,Setup,42,44,Clarification Request,User turns 42-44 are labeled as Setup.
1303,Reconnaissance,46,46,Identity / Capability Probing,User turns 46-46 are labeled as Reconnaissance.
1303,Escalation,48,48,Topic Shift,User turns 48-48 are labeled as Escalation.
1303,Reconnaissance,50,50,Identity / Capability Probing,User turns 50-50 are labeled as Reconnaissance.
1303,Trust Building,52,52,Personal Anecdote,User turns 52-52 are labeled as Trust Building.
1303,Setup,54,56,Course-related Question; Clarification Request,User turns 54-56 are labeled as Setup.
1303,Reconnaissance,58,62,Boundary Probing,User turns 58-62 are labeled as Reconnaissance.
1303,Escalation,64,64,Persistence After Refusal,User turns 64-64 are labeled as Escalation.
1303,Trust Building,66,66,Personal Anecdote,User turns 66-66 are labeled as Trust Building.
1303,Setup,68,72,Clarification Request,User turns 68-72 are labeled as Setup.
1303,Reconnaissance,74,74,Identity / Capability Probing,User turns 74-74 are labeled as Reconnaissance.
1303,Escalation,76,76,Persistence After Refusal,User turns 76-76 are labeled as Escalation.
1303,Attack Construction,78,78,Response Format Control,User turns 78-78 are labeled as Attack Construction.
1325,Setup,2,12,Benign Opening; Clarification Request,User turns 2-12 are labeled as Setup.
1325,Reconnaissance,14,16,Boundary Probing,User turns 14-16 are labeled as Reconnaissance.
1325,Trust Building,18,18,Emotional Pressure,User turns 18-18 are labeled as Trust Building.
1325,Setup,20,20,Clarification Request,User turns 20-20 are labeled as Setup.
1325,Trust Building,22,22,Personal Anecdote,User turns 22-22 are labeled as Trust Building.
1325,Reconnaissance,24,24,Boundary Probing,User turns 24-24 are labeled as Reconnaissance.
1325,Setup,26,26,Clarification Request,User turns 26-26 are labeled as Setup.
1325,Trust Building,28,28,Personal Anecdote,User turns 28-28 are labeled as Trust Building.
1325,Escalation,30,30,Incremental Escalation,User turns 30-30 are labeled as Escalation.
1325,Attack Construction,32,32,Hypothetical Framing,User turns 32-32 are labeled as Attack Construction.
1325,Escalation,34,34,Incremental Escalation,User turns 34-34 are labeled as Escalation.
1325,Attack Construction,36,36,Hypothetical Framing,User turns 36-36 are labeled as Attack Construction.
1325,Reconnaissance,38,38,Boundary Probing,User turns 38-38 are labeled as Reconnaissance.
1325,Setup,40,42,Clarification Request,User turns 40-42 are labeled as Setup.
1325,Escalation,44,44,Incremental Escalation,User turns 44-44 are labeled as Escalation.
1325,Setup,46,48,Clarification Request; Casual Conversation,User turns 46-48 are labeled as Setup.
1325,Reconnaissance,50,50,Boundary Probing,User turns 50-50 are labeled as Reconnaissance.
1325,Setup,52,52,Casual Conversation,User turns 52-52 are labeled as Setup.
1408,Attack Construction,2,6,Fictional Scenario,User turns 2-6 are labeled as Attack Construction.
1408,Escalation,8,12,Incremental Escalation,User turns 8-12 are labeled as Escalation.
1408,Goal Execution,14,14,Safety Override Request,User turns 14-14 are labeled as Goal Execution.
1408,Escalation,16,28,Persistence After Refusal; Incremental Escalation,User turns 16-28 are labeled as Escalation.
1408,Attack Construction,30,30,Fictional Scenario,User turns 30-30 are labeled as Attack Construction.
1417,Setup,2,10,Benign Opening,User turns 2-10 are labeled as Setup.
1417,Reconnaissance,12,12,Boundary Probing,User turns 12-12 are labeled as Reconnaissance.
1417,Attack Construction,14,14,Translation / Transformation,User turns 14-14 are labeled as Attack Construction.
1417,Setup,16,24,Benign Opening,User turns 16-24 are labeled as Setup.
1417,Escalation,26,32,Incremental Escalation,User turns 26-32 are labeled as Escalation.
1417,Attack Construction,34,34,Translation / Transformation,User turns 34-34 are labeled as Attack Construction.
1417,Escalation,36,38,Incremental Escalation,User turns 36-38 are labeled as Escalation.
1417,Attack Construction,40,42,Translation / Transformation,User turns 40-42 are labeled as Attack Construction.
1417,Goal Execution,44,62,Restricted Content Request,User turns 44-62 are labeled as Goal Execution.
1457,Attack Construction,2,8,Roleplay Setup,User turns 2-8 are labeled as Attack Construction.
1457,Escalation,10,10,Incremental Escalation,User turns 10-10 are labeled as Escalation.
1457,Attack Construction,12,12,Roleplay Setup,User turns 12-12 are labeled as Attack Construction.
1457,Escalation,14,30,Incremental Escalation; Persistence After Refusal,User turns 14-30 are labeled as Escalation.
1536,Trust Building,2,2,Educational Framing,User turns 2-2 are labeled as Trust Building.
1536,Reconnaissance,4,4,Boundary Probing,User turns 4-4 are labeled as Reconnaissance.
1536,Setup,6,6,Benign Opening,User turns 6-6 are labeled as Setup.
1536,Escalation,8,10,Incremental Escalation,User turns 8-10 are labeled as Escalation.
1536,Setup,12,12,Benign Opening,User turns 12-12 are labeled as Setup.
1536,Escalation,14,16,Persistence After Refusal; Incremental Escalation,User turns 14-16 are labeled as Escalation.
1536,Setup,18,18,Clarification Request,User turns 18-18 are labeled as Setup.
1536,Attack Construction,20,20,Translation / Transformation,User turns 20-20 are labeled as Attack Construction.
1536,Escalation,22,22,Persistence After Refusal,User turns 22-22 are labeled as Escalation.
1686,Setup,2,2,Course-related Question,User turns 2-2 are labeled as Setup.
1686,Attack Construction,4,4,Hypothetical Framing,User turns 4-4 are labeled as Attack Construction.
1686,Setup,6,6,Benign Opening,User turns 6-6 are labeled as Setup.
1686,Attack Construction,8,8,Fictional Scenario,User turns 8-8 are labeled as Attack Construction.
1686,Escalation,10,18,Incremental Escalation,User turns 10-18 are labeled as Escalation.
2004,Reconnaissance,2,8,Boundary Probing; Identity / Capability Probing,User turns 2-8 are labeled as Reconnaissance.
2004,Trust Building,10,14,Emotional Pressure,User turns 10-14 are labeled as Trust Building.
2004,Reconnaissance,16,42,Identity / Capability Probing; Boundary Probing,User turns 16-42 are labeled as Reconnaissance.
2004,Trust Building,44,44,Emotional Pressure,User turns 44-44 are labeled as Trust Building.
2004,Reconnaissance,46,46,Boundary Probing,User turns 46-46 are labeled as Reconnaissance.
2320,Attack Construction,2,4,Hypothetical Framing; Roleplay Setup,User turns 2-4 are labeled as Attack Construction.
2320,Trust Building,6,6,Educational Framing,User turns 6-6 are labeled as Trust Building.
2320,Setup,8,30,Course-related Question; Clarification Request; Casual Conversation,User turns 8-30 are labeled as Setup.
